JobID,Job_Title,Salary_estimate_range,Min_Salary_Estimate,Max_Salary_Estimate,Location
10001,Sr. Data Analyst,$67K-$92K ,67000,92000,"Chicago, IL"
10002,Data Analyst,$73K-$89K ,73000,89000,"San Antonio, TX"
10003,Data Analust IV,$76K-$122K ,76000,122000,"San Diego, CA"
10004,Jr. Data Analyst,$42K-$76K ,42000,76000,"Austin, TX"
10005,Data Analyst,$43K-$94K ,43000,94000,"Chandler, AZ"
10006,Data Analyst,$60K-$66K ,60000,66000,"Chicago, IL"
10007,Data Analyst,$84K-$90K ,84000,90000,"New York, NY"
10008,Data Analyst,$47K-$76K ,47000,76000,"Houston, TX"
10009,Data Analyst,$60K-$66K ,60000,66000,"Downers Grove, IL"
10010,Data Analyst,$57K-$104K ,57000,104000,"San Francisco, CA"
10011,Data Analyst,$113K-$132K ,113000,132000,"Los Angeles, CA"
10012,Data Analyst,$113K-$132K ,113000,132000,"Los Angeles, CA"
10013,Data Analyst,$43K-$94K ,43000,94000,"Chandler, AZ"
10014,Data Analyst,$50K-$86K ,50000,86000,"Charlotte, NC"
10015,Data Analyst,$50K-$86K ,50000,86000,"Charlotte, NC"
10016,Sr. Data Analyst,$53K-$99K ,53000,99000,"Charlotte, NC"
10017,Data Analyst,$54K-$75K ,54000,75000,"Charlotte, NC"
10018,Data Analyst,$30K-$53K ,30000,53000,"Dallas, TX"
10019,Data Analyst,$49K-$91K ,49000,91000,"Denver, CO"
10020,Data Analyst,$42K-$76K ,42000,76000,"Evanston, IL"
10021,Data Analyst,$35K-$45K ,35000,45000,"Los Angeles, CA"
10022,Jr. Data Analyst,$51K-$88K ,51000,88000,"New York, NY"
10023,Sr. Data Analyst,$44K-$78K ,44000,78000,"Plano, TX"
10024,Jr. Data Analyst,$48K-$88K ,48000,88000,"Plano, TX"
10025,Data Analyst,$48K-$88K ,48000,88000,"Plano, TX"
10026,Sr. Data Analyst,$37K-$68K ,37000,68000,"San Antonio, TX"
10027,Data Science Analyst,$73K-$89K ,73000,89000,"San Antonio, TX"
10028,Data Analyst,$65K-$120K ,65000,120000,"San Ramon, CA"
10029,Data Analyst,$27K-$52K ,27000,52000,"Summit, NJ"
10030,Business Data Analyst,$37K-$44K ,37000,44000,"Wilmington, DE"
10031,Data Analyst,$50K-$93K ,50000,93000,"Wilmington, DE"
10032,Data Analyst,$29K-$38K ,29000,38000,"Houston, TX"
10033,Data Analyst,$30K-$54K ,30000,54000,"Gainesville, FL"
10034,Data Analyst,$46K-$102K ,46000,102000,"Tempe, AZ"
10035,Data Analyst,$74K-$123K ,74000,123000,"Houston, TX"
10036,Data Analyst,$30K-$53K ,30000,53000,"Dallas, TX"
10037,Data Analyst,$30K-$53K ,30000,53000,"Dallas, TX"
10038,Data Analyst,$76K-$122K ,76000,122000,"San Diego, CA"
10039,Data Analyst,$37K-$68K ,37000,68000,"San Antonio, TX"
10040,Data Analyst,$24K-$48K ,24000,48000,"Irving, TX"
10041,Data Analyst,$76K-$122K ,76000,122000,"San Diego, CA"
10042,Data Analyst,$60K-$66K ,60000,66000,"Chicago, IL"
10043,Sr. Data Analyst,$97K-$129K ,97000,129000,"Chicago, IL"
10044,Sr. Data Analyst,$42K-$76K ,42000,76000,"Chicago, IL"
10045,Data Analyst,$37K-$70K ,37000,70000,"Los Angeles, CA"
10046,Sr. Business Analyst,$50K-$93K ,50000,93000,"Marlton, NJ"
10047,Data Analyst,$64K-$113K ,64000,113000,"Marlton, NJ"
10048,Business Data Analyst,$37K-$44K ,37000,44000,"Mount Laurel, NJ"
10049,Data Analyst,$64K-$113K ,64000,113000,"Mount Laurel, NJ"
10050,Data Analyst,$37K-$66K ,37000,66000,"New York, NY"
10051,Data Analyst,$65K-$81K ,65000,81000,"El Segundo, CA"
10052,Sr. Data Analyst,$65K-$81K ,65000,81000,"El Segundo, CA"
10053,Data Analyst,$67K-$92K ,67000,92000,"Chicago, IL"
10054,Data Analyst,$28K-$52K ,28000,52000,"Columbus, OH"
10055,Data Analyst,$28K-$52K ,28000,52000,"Columbus, OH"
10056,Data Analyst,$28K-$52K ,28000,52000,"Columbus, OH"
10057,Data Analyst,$46K-$86K ,46000,86000,"Columbus, OH"
10058,Data Analyst II,$113K-$132K ,113000,132000,"Whittier, CA"
10059,Data Analyst,$51K-$87K ,51000,87000,"New York, NY"
10060,Data Analyst,$98K-$114K ,98000,114000,"West Orange, NJ"
10061,Data Analyst,$37K-$70K ,37000,70000,"Los Angeles, CA"
10062,Data Analyst,$43K-$76K ,43000,76000,"New York, NY"
10063,Data Analyst II,$43K-$76K ,43000,76000,"New York, NY"
10064,Data Science Analyst,$98K-$114K ,98000,114000,"New York, NY"
10065,Data Analyst,$60K-$66K ,60000,66000,"Chicago, IL"
10066,Data Analyst,$51K-$93K ,51000,93000,"San Jose, CA"
10067,Data Analyst,$58K-$93K ,58000,93000,"San Jose, CA"
10068,Data Analyst,$69K-$127K ,69000,127000,"San Jose, CA"
10069,Sr. Data Analyst,$26K-$47K ,26000,47000,"Draper, UT"
10070,Sr. Data Analyst,$65K-$120K ,65000,120000,"San Francisco, CA"
10071,Data Analyst,$82K-$116K ,82000,116000,"San Francisco, CA"
10072,Sr. Data Analyst,$51K-$93K ,51000,93000,"San Jose, CA"
10073,Data Analyst,$35K-$45K ,35000,45000,"Los Angeles, CA"
10074,Data Analyst,$57K-$103K ,57000,103000,"Los Angeles, CA"
10075,Sr. Data Analyst,$57K-$67K ,57000,67000,"Denver, CO"
10076,Data Analyst,$48K-$96K ,48000,96000,"Montvale, NJ"
10077,Data Analyst,$46K-$102K ,46000,102000,"Phoenix, AZ"
10078,Data Analyst,$73K-$82K ,73000,82000,"Chicago, IL"
10079,Sr. Data Analyst,$48K-$88K ,48000,88000,"Dallas, TX"
10080,Sr. Data Analyst,$84K-$90K ,84000,90000,"New York, NY"
10081,Lead Data Analyst,$69K-$127K ,69000,127000,"Los Gatos, CA"
10082,Sr. Data Analyst,$37K-$70K ,37000,70000,"Santa Monica, CA"
10083,Data Analyst,$60K-$110K ,60000,110000,"New York, NY"
10084,Data Analyst,$82K-$116K ,82000,116000,"Novato, CA"
10085,Data Analyst,$53K-$94K ,53000,94000,"Phoenix, AZ"
10086,Data Analyst,$67K-$92K ,67000,92000,"Chicago, IL"
10087,Data Analyst,$58K-$93K ,58000,93000,"Palo Alto, CA"
10088,Data Analyst,$40K-$74K ,40000,74000,"Mooresville, NC"
10089,Data Analyst,$43K-$94K ,43000,94000,"Chandler, AZ"
10090,Data Analyst,$46K-$102K ,46000,102000,"Chandler, AZ"
10091,Data Analyst,$57K-$67K ,57000,67000,"Denver, CO"
10092,Data Analyst,$49K-$91K ,49000,91000,"Englewood, CO"
10093,Business Data Analyst,$63K-$116K ,63000,116000,"Palo Alto, CA"
10094,Business Data Analyst,$89K-$151K ,89000,151000,"San Jose, CA"
10095,Sr. Data Analyst,$47K-$74K ,47000,74000,"San Francisco, CA"
10096,Data Analyst,$82K-$116K ,82000,116000,"San Francisco, CA"
10097,Data Analyst,$41K-$78K ,41000,78000,"New York, NY"
10098,Data Analyst,$59K-$85K ,59000,85000,"New York, NY"
10099,Data Analyst,$53K-$99K ,53000,99000,"Charlotte, NC"
10100,Sr. Data Analyst,$97K-$129K ,97000,129000,"Chicago, IL"
10101,Data Analyst,$97K-$129K ,97000,129000,"Elk Grove Village, IL"
10102,Data Analyst,$37K-$66K ,37000,66000,"Jersey City, NJ"
10103,Data Analyst,$99K-$178K ,99000,178000,"San Francisco, CA"
10104,Data Analyst,$93K-$159K ,93000,159000,"Marin City, CA"
10105,Data Analyst,$45K-$78K ,45000,78000,"Scottsdale, AZ"
10106,Data Analyst,$60K-$124K ,60000,124000,"San Diego, CA"
10107,Data Analyst,$60K-$124K ,60000,124000,"San Diego, CA"
10108,Sr. Data Analyst,$77K-$132K ,77000,132000,"New York, NY"
10109,Data Analyst,$82K-$116K ,82000,116000,"Burlingame, CA"
10110,Data Analyst,$36K-$67K ,36000,67000,"Burlingame, KS"
10111,Data Analyst,$34K-$61K ,34000,61000,"Indianapolis, IN"
10112,Data Analyst,$44K-$78K ,44000,78000,"Irving, TX"
10113,Data Analyst,$89K-$151K ,89000,151000,"San Jose, CA"
10114,Data Analyst,$57K-$67K ,57000,67000,"Boulder, CO"
10115,Data Analyst,$55K-$103K ,55000,103000,"Los Angeles, CA"
10116,Data Analyst,$55K-$103K ,55000,103000,"Los Angeles, CA"
10117,Data Analyst,$50K-$86K ,50000,86000,"Fort Worth, TX"
10118,Sr. Data Analyst,$63K-$116K ,63000,116000,"San Jose, CA"
10119,Business Data Analyst,$50K-$93K ,50000,93000,"Horsham, PA"
10120,Data Analyst,$28K-$52K ,28000,52000,"Dublin, OH"
10121,Data Analyst,$29K-$38K ,29000,38000,"Houston, TX"
10122,Data Analyst,$47K-$76K ,47000,76000,"Houston, TX"
10123,Data Analyst,$74K-$123K ,74000,123000,"Houston, TX"
10124,Data Science Analyst,$41K-$86K ,41000,86000,"Dallas, TX"
10125,Data Analyst,$29K-$38K ,29000,38000,"Stafford, TX"
10126,Data Analyst,$53K-$94K ,53000,94000,"Phoenix, AZ"
10127,Data Analyst,$35K-$42K ,35000,42000,"Austin, TX"
10128,Jr. Data Analyst,$43K-$69K ,43000,69000,"Yorktown, VA"
10129,Data Analyst II,$35K-$67K ,35000,67000,"Kent, WA"
10130,Data Analyst,$57K-$104K ,57000,104000,"San Francisco, CA"
10131,Business Data Analyst,$51K-$93K ,51000,93000,"Sunnyvale, CA"
10132,Data Analyst,$43K-$69K ,43000,69000,"Portsmouth, VA"
10133,Jr. Data Analyst,$43K-$69K ,43000,69000,"Portsmouth, VA"
10134,Data Analyst,$43K-$69K ,43000,69000,"Portsmouth, VA"
10135,Sr. Data Analyst,$43K-$69K ,43000,69000,"Portsmouth, VA"
10136,Sr. Data Analyst,$44K-$82K ,44000,82000,"Dallas, TX"
10137,Data Analyst,$43K-$69K ,43000,69000,"Hampton, VA"
10138,Data Analyst,$49K-$112K ,49000,112000,"Hampton, VA"
10139,Data Analyst,$65K-$81K ,65000,81000,"Azusa, CA"
10140,Data Analyst,$38K-$68K ,38000,68000,"Exton, PA"
10141,Data Analyst,$34K-$61K ,34000,61000,"Indianapolis, IN"
10142,Business Data Analyst,$65K-$120K ,65000,120000,"San Francisco, CA"
10143,Data Analyst,$49K-$112K ,49000,112000,"Fort Eustis, VA"
10144,Data Analyst,$37K-$70K ,37000,70000,"Los Angeles, CA"
10145,Data Analyst,$57K-$103K ,57000,103000,"Los Angeles, CA"
10146,Sr. Data Analyst,$48K-$96K ,48000,96000,"New York, NY"
10147,Data Analyst,$51K-$88K ,51000,88000,"New York, NY"
10148,Data Analyst,$60K-$110K ,60000,110000,"New York, NY"
10149,Jr. Data Analyst,$60K-$110K ,60000,110000,"New York, NY"
10150,Sr. Data Analyst,$98K-$114K ,98000,114000,"New York, NY"
10151,Data Analyst,$30K-$53K ,30000,53000,"Arlington, TX"
10152,Data Analyst,$57K-$100K ,57000,100000,"Denver, CO"
10153,Sr. Data Analyst,$48K-$96K ,48000,96000,"Jersey City, NJ"
10154,Data Analyst,$89K-$151K ,89000,151000,"San Jose, CA"
10155,Data Analyst,$60K-$66K ,60000,66000,"Chicago, IL"
10156,Data Analyst,$73K-$82K ,73000,82000,"Chicago, IL"
10157,Data Analyst,$50K-$93K ,50000,93000,"King of Prussia, PA"
10158,Data Analyst,$37K-$44K ,37000,44000,"Conshohocken, PA"
10159,Sr. Data Analyst,$44K-$78K ,44000,78000,"Plano, TX"
10160,Sr. Data Analyst,$73K-$89K ,73000,89000,"San Antonio, TX"
10161,Sr. Data Analyst,$60K-$124K ,60000,124000,"San Diego, CA"
10162,Data Analyst,$42K-$76K ,42000,76000,"Chicago, IL"
10163,Data Analyst,$37K-$44K ,37000,44000,"Berwyn, PA"
10164,Sr. Data Analyst,$42K-$66K ,42000,66000,"Santa Monica, CA"
10165,Financial Data Analyst,$43K-$94K ,43000,94000,"Phoenix, AZ"
10166,Data Analyst,$53K-$94K ,53000,94000,"Phoenix, AZ"
10167,Sr. Data Analyst,$55K-$101K ,55000,101000,"Seattle, WA"
10168,Data Analyst,$74K-$123K ,74000,123000,"Houston, TX"
10169,Data Analyst,$69K-$127K ,69000,127000,"Cupertino, CA"
10170,Business Data Analyst,$60K-$124K ,60000,124000,"San Diego, CA"
10171,Data Analyst,$51K-$87K ,51000,87000,"New York, NY"
10172,Data Analyst,$37K-$44K ,37000,44000,"Paoli, PA"
10173,Data Analyst IV,$60K-$124K ,60000,124000,"San Diego, CA"
10174,Data Analyst,$29K-$38K ,29000,38000,"Houston, TX"
10175,Data Analyst III,$47K-$76K ,47000,76000,"Houston, TX"
10176,Data Analyst,$42K-$76K ,42000,76000,"Austin, TX"
10177,Data Analyst,$47K-$74K ,47000,74000,"Burlingame, CA"
10178,Data Analyst,$82K-$116K ,82000,116000,"Burlingame, CA"
10179,Data Analust IV,$93K-$159K ,93000,159000,"Burlingame, CA"
10180,Data Analyst,$55K-$103K ,55000,103000,"Los Angeles, CA"
10181,Data Analyst,$57K-$103K ,57000,103000,"Los Angeles, CA"
10182,Data Analyst,$97K-$129K ,97000,129000,"Maywood, IL"
10183,Data Analyst,$42K-$74K ,42000,74000,"New York, NY"
10184,Data Analyst,$30K-$53K ,30000,53000,"Dallas, TX"
10185,Business Data Analyst,$35K-$67K ,35000,67000,"Seattle, WA"
10186,Sr. Data Analyst,$65K-$120K ,65000,120000,"San Mateo, CA"
10187,Data Analyst,$82K-$116K ,82000,116000,"Foster City, CA"
10188,Data Scientist,$82K-$116K ,82000,116000,"Foster City, CA"
10189,Sr. Data Analyst,$57K-$100K ,57000,100000,"Louisville, CO"
10190,Data Analyst,$42K-$74K ,42000,74000,"Jersey City, NJ"
10191,Data Analyst,$50K-$86K ,50000,86000,"Charlotte, NC"
10192,Data Analyst,$74K-$123K ,74000,123000,"Houston, TX"
10193,Data Analyst,$37K-$44K ,37000,44000,"Horsham, PA"
10194,Data Analyst,$37K-$44K ,37000,44000,"Horsham, PA"
10195,Business Data Analyst,$50K-$93K ,50000,93000,"Horsham, PA"
10196,Data Analyst,$110K-$190K ,110000,190000,"Santa Clara, CA"
10197,Data Analyst,$42K-$76K ,42000,76000,"Austin, TX"
10198,Sr. Data Analyst,$42K-$66K ,42000,66000,"Los Angeles, CA"
10199,Business Data Analyst,$37K-$66K ,37000,66000,"New York, NY"
10200,Sr. Data Analyst,$57K-$104K ,57000,104000,"San Francisco, CA"
10201,Financial Data Analyst,$113K-$132K ,113000,132000,"Burbank, CA"
10202,Sr. Data Analyst,$55K-$101K ,55000,101000,"Seattle, WA"
10203,Data Analyst,$43K-$76K ,43000,76000,"New York, NY"
10204,Data Analyst,$43K-$76K ,43000,76000,"New York, NY"
10205,Data Analyst,$41K-$78K ,41000,78000,"Philadelphia, PA"
10206,Data Analyst,$64K-$113K ,64000,113000,"Philadelphia, PA"
10207,Business Data Analyst,$38K-$68K ,38000,68000,"Bensalem, PA"
10208,Sr. Data Analyst,$42K-$66K ,42000,66000,"Los Angeles, CA"
10209,Data Analyst,$48K-$88K ,48000,88000,"Allen, TX"
10210,Data Analyst,$26K-$47K ,26000,47000,"American Fork, UT"
10211,Data Analyst,$49K-$91K ,49000,91000,"Broomfield, CO"
10212,Data Analyst,$57K-$100K ,57000,100000,"Greenwood Village, Arapahoe, CO"
10213,Data Analyst III,$35K-$42K ,35000,42000,"Austin, TX"
10214,Data Analyst,$41K-$78K ,41000,78000,"Newark, NJ"
10215,Sr. Business Analyst,$58K-$93K ,58000,93000,"San Jose, CA"
10216,Data Analyst,$57K-$67K ,57000,67000,"Denver, CO"
10217,Sr. Data Analyst,$46K-$86K ,46000,86000,"San Francisco, CA"
10218,Data Analyst,$46K-$102K ,46000,102000,"Tempe, AZ"
10219,Sr. Data Analyst,$34K-$61K ,34000,61000,"San Diego, CA"
10220,Data Analyst,$57K-$67K ,57000,67000,"Denver, CO"
10221,Jr. Data Analyst,$38K-$68K ,38000,68000,"Philadelphia, PA"
10222,Data Analyst,$69K-$127K ,69000,127000,"San Jose, CA"
10223,Data Analyst,$59K-$85K ,59000,85000,"New York, NY"
10224,Data Analyst,$41K-$86K ,41000,86000,"Plano, TX"
10225,Business Data Analyst,$53K-$99K ,53000,99000,"Charlotte, NC"
10226,Data Analyst,$51K-$87K ,51000,87000,"New York, NY"
10227,Data Analyst,$51K-$93K ,51000,93000,"San Jose, CA"
10228,Sr. Data Analyst,$46K-$102K ,46000,102000,"Phoenix, AZ"
10229,Sr. Data Analyst,$98K-$114K ,98000,114000,"Woodbridge, NJ"
10230,Business Data Analyst,$27K-$52K ,27000,52000,"New York, NY"
10231,Business Data Analyst,$43K-$76K ,43000,76000,"New York, NY"
10232,Sr. Data Analyst,$59K-$85K ,59000,85000,"New York, NY"
10233,Data Analyst,$43K-$76K ,43000,76000,"New York, NY"
10234,Data Analyst,$60K-$110K ,60000,110000,"New York, NY"
10235,Sr. Data Analyst,$43K-$69K ,43000,69000,"Norfolk, VA"
10236,Sr. Data Analyst,$49K-$112K ,49000,112000,"Norfolk, VA"
10237,Data Analyst,$50K-$86K ,50000,86000,"Charlotte, NC"
10238,Jr. Data Analyst,$35K-$67K ,35000,67000,"Redmond, WA"
10239,Data Analyst,$67K-$92K ,67000,92000,"Chicago, IL"
10240,Data Analyst,$41K-$78K ,41000,78000,"Philadelphia, PA"
10241,Data Analyst,$93K-$159K ,93000,159000,"San Francisco, CA"
10242,Data Analyst,$57K-$67K ,57000,67000,"Englewood, CO"
10243,Data Analyst,$37K-$44K ,37000,44000,"Ridley Park, PA"
10244,Data Analyst,$50K-$86K ,50000,86000,"Fort Worth, TX"
10245,Data Analyst,$42K-$66K ,42000,66000,"Woodland Hills, CA"
10246,Data Analyst,$76K-$122K ,76000,122000,"San Diego, CA"
10247,Data Analyst,$49K-$91K ,49000,91000,"Englewood, CO"
10248,Data Analyst,$50K-$86K ,50000,86000,"Fort Worth, TX"
10249,Data Analyst,$57K-$100K ,57000,100000,"Littleton, CO"
10250,Lead Data Analyst,$64K-$113K ,64000,113000,"Philadelphia, PA"
10251,Data Analyst,$93K-$159K ,93000,159000,"South San Francisco, CA"
10252,Data Analyst,$51K-$93K ,51000,93000,"Sunnyvale, CA"
10253,Sr. Data Analyst,$69K-$127K ,69000,127000,"Sunnyvale, CA"
10254,Business Data Analyst,$42K-$76K ,42000,76000,"Chicago, IL"
10255,Data Analyst,$50K-$86K ,50000,86000,"Charlotte, NC"
10256,Sr. Data Analyst,$78K-$104K ,78000,104000,"Centennial, CO"
10257,Data Analyst,$69K-$127K ,69000,127000,"Stanford, CA"
10258,Data Analyst,$60K-$66K ,60000,66000,"Chicago, IL"
10259,Data Analyst,$67K-$92K ,67000,92000,"Chicago, IL"
10260,Sr. Data Scientist,$68K-$87K ,68000,87000,"Downers Grove, IL"
10261,Data Analyst,$50K-$86K ,50000,86000,"Charlotte, NC"
10262,Business Data Analyst,$47K-$74K ,47000,74000,"San Francisco, CA"
10263,Sr. Data Analyst,$37K-$44K ,37000,44000,"Mount Laurel, NJ"
10264,Data Analyst,$40K-$74K ,40000,74000,"Charlotte, NC"
10265,Data Analyst,$43K-$94K ,43000,94000,"Tempe, AZ"
10266,Data Analyst,$45K-$78K ,45000,78000,"Tempe, AZ"
10267,Data Analyst,$46K-$102K ,46000,102000,"Tempe, AZ"
10268,Data Analyst,$53K-$94K ,53000,94000,"Tempe, AZ"
10269,Business Data Analyst,$53K-$94K ,53000,94000,"Tempe, AZ"
10270,Data Analyst,$53K-$94K ,53000,94000,"Tempe, AZ"
10271,Sr. Data Analyst,$53K-$99K ,53000,99000,"Charlotte, NC"
10272,Data Analyst,$46K-$87K ,46000,87000,"New York, NY"
10273,Data Analyst,$93K-$159K ,93000,159000,"San Francisco, CA"
10274,Data Analyst II,$24K-$48K ,24000,48000,"Dallas, TX"
10275,Data Analyst II,$29K-$38K ,29000,38000,"Houston, TX"
10276,Sr. Data Analyst,$48K-$96K ,48000,96000,"Florham Park, NJ"
10277,Data Analyst,$98K-$114K ,98000,114000,"Florham Park, NJ"
10278,Sr. Data Analyst,$98K-$114K ,98000,114000,"Florham Park, NJ"
10279,Data Analyst,$29K-$38K ,29000,38000,"Houston, TX"
10280,Data Analyst,$74K-$123K ,74000,123000,"Houston, TX"
10281,Sr. Data Analyst,$27K-$52K ,27000,52000,"New York, NY"
10282,Sr. Data Scientist,$48K-$96K ,48000,96000,"New York, NY"
10283,Data Analyst,$73K-$127K ,73000,127000,"New York, NY"
10284,Data Analyst,$50K-$93K ,50000,93000,"Wilmington, DE"
10285,Data Analyst,$27K-$52K ,27000,52000,"Brooklyn, NY"
10286,Data Analyst,$28K-$52K ,28000,52000,"Columbus, OH"
10287,Sr. Data Analyst,$46K-$86K ,46000,86000,"Columbus, OH"
10288,Data Analyst,$44K-$82K ,44000,82000,"Lewisville, TX"
10289,Sr. Data Analyst,$41K-$78K ,41000,78000,"New York, NY"
10290,Business Data Analyst,$42K-$74K ,42000,74000,"New York, NY"
10291,Data Analyst,$51K-$87K ,51000,87000,"New York, NY"
10292,Data Analyst,$42K-$74K ,42000,74000,"Newark, NJ"
10293,Data Analyst,$77K-$132K ,77000,132000,"Newark, NJ"
10294,Data Analyst,$38K-$68K ,38000,68000,"Wilmington, DE"
10295,Data Analyst,$30K-$53K ,30000,53000,"Irving, TX"
10296,Sr. Data Analyst,$41K-$86K ,41000,86000,"Irving, TX"
10297,Lead Data Analyst,$48K-$88K ,48000,88000,"Irving, TX"
10298,Sr. Business Analyst,$27K-$52K ,27000,52000,"Jersey City, NJ"
10299,Business Data Analyst,$41K-$78K ,41000,78000,"New York, NY"
10300,Data Analyst,$51K-$88K ,51000,88000,"New York, NY"
10301,Data Analyst,$60K-$110K ,60000,110000,"New York, NY"
10302,Data Analyst,$59K-$85K ,59000,85000,"New York, NY"
10303,Sr. Data Analyst,$43K-$76K ,43000,76000,"New York, NY"
10304,Data Analyst,$60K-$110K ,60000,110000,"Weehawken, NJ"
10305,Data Science Analyst,$24K-$48K ,24000,48000,"Dallas, TX"
10306,Data Science Analyst,$24K-$48K ,24000,48000,"Dallas, TX"
10307,Data Analyst,$30K-$53K ,30000,53000,"Dallas, TX"
10308,Data Analyst,$26K-$47K ,26000,47000,"Salt Lake City, UT"
10309,Financial Data Analyst,$40K-$72K ,40000,72000,"Jacksonville, FL"
10310,Financial Data Analyst,$40K-$72K ,40000,72000,"Jacksonville, FL"
10311,Financial Data Analyst,$40K-$72K ,40000,72000,"Jacksonville, FL"
10312,Data Analyst,$60K-$110K ,60000,110000,"New York, NY"
10313,Data Analyst,$27K-$52K ,27000,52000,"Jersey City, NJ"
10314,Data Analyst,$77K-$132K ,77000,132000,"Jersey City, NJ"
10315,Data Analyst,$48K-$96K ,48000,96000,"Iselin, NJ"
10316,Data Analyst,$44K-$82K ,44000,82000,"Carrollton, TX"
10317,Business Data Analyst,$28K-$52K ,28000,52000,"Columbus, OH"
10318,Sr. Data Scientist,$28K-$52K ,28000,52000,"Columbus, OH"
10319,Sr. Data Analyst,$57K-$100K ,57000,100000,"Aurora, CO"
10320,Sr. Data Analyst,$35K-$45K ,35000,45000,"Pasadena, CA"
10321,Sr. Data Analyst,$60K-$124K ,60000,124000,"San Diego, CA"
10322,Sr. Data Analyst,$58K-$93K ,58000,93000,"Union City, CA"
10323,Sr. Data Analyst,$45K-$78K ,45000,78000,"Scottsdale, AZ"
10324,Data Analyst,$59K-$85K ,59000,85000,"Manhasset, NY"
10325,Business Data Analyst,$84K-$90K ,84000,90000,"Manhasset, NY"
10326,Data Analyst,$50K-$86K ,50000,86000,"Charlotte, NC"
10327,Data Analyst,$89K-$151K ,89000,151000,"Palo Alto, CA"
10328,Data Analyst,$35K-$67K ,35000,67000,"Redmond, WA"
10329,Data Analyst,$35K-$67K ,35000,67000,"Redmond, WA"
10330,Data Analyst,$55K-$101K ,55000,101000,"Redmond, WA"
10331,Data Analyst,$55K-$101K ,55000,101000,"Redmond, WA"
10332,Sr. Data Analyst,$55K-$101K ,55000,101000,"Redmond, WA"
10333,Data Analyst,$42K-$66K ,42000,66000,"Culver City, CA"
10334,Sr. Data Analyst,$51K-$93K ,51000,93000,"Santa Clara, CA"
10335,Sr. Data Analyst,$58K-$93K ,58000,93000,"Santa Clara, CA"
10336,Sr. Data Analyst,$63K-$116K ,63000,116000,"Santa Clara, CA"
10337,Data Analyst,$69K-$127K ,69000,127000,"Santa Clara, CA"
10338,Data Analyst,$69K-$127K ,69000,127000,"Santa Clara, CA"
10339,Sr. Data Analyst,$69K-$127K ,69000,127000,"Santa Clara, CA"
10340,Data Analyst,$89K-$151K ,89000,151000,"Santa Clara, CA"
10341,Financial Data Analyst,$89K-$151K ,89000,151000,"Santa Clara, CA"
10342,Sr. Data Scientist,$89K-$151K ,89000,151000,"Santa Clara, CA"
10343,Business Data Analyst,$30K-$53K ,30000,53000,"Plano, TX"
10344,Data Analyst,$60K-$124K ,60000,124000,"San Diego, CA"
10345,Lead Data Analyst,$97K-$129K ,97000,129000,"Chicago, IL"
10346,Data Analyst,$24K-$48K ,24000,48000,"Dallas, TX"
10347,Lead Data Analyst,$47K-$76K ,47000,76000,"Houston, TX"
10348,Data Analyst II,$45K-$88K ,45000,88000,"Jersey City, NJ"
10349,Sr. Data Analyst,$48K-$96K ,48000,96000,"Jersey City, NJ"
10350,Data Analyst,$51K-$87K ,51000,87000,"Jersey City, NJ"
10351,Business Data Analyst,$73K-$127K ,73000,127000,"New York, NY"
10352,Data Analyst,$27K-$52K ,27000,52000,"New York, NY"
10353,Data Analyst,$98K-$114K ,98000,114000,"New York, NY"
10354,Sr. Data Analyst,$51K-$93K ,51000,93000,"East Palo Alto, CA"
10355,Sr. Data Analyst,$59K-$85K ,59000,85000,"New York, NY"
10356,Data Analyst,$53K-$94K ,53000,94000,"Tempe, AZ"
10357,Data Analyst,$42K-$76K ,42000,76000,"Austin, TX"
10358,Sr. Data Analyst,$58K-$93K ,58000,93000,"Mountain View, CA"
10359,Data Science Analyst,$37K-$66K ,37000,66000,"New York, NY"
10360,Data Analyst,$35K-$45K ,35000,45000,"Los Angeles, CA"
10361,Data Analyst,$59K-$85K ,59000,85000,"New York, NY"
10362,Business Data Analyst,$24K-$48K ,24000,48000,"Irving, TX"
10363,Financial Data Analyst,$54K-$75K ,54000,75000,"Charlotte, NC"
10364,Sr. Data Analyst,$54K-$75K ,54000,75000,"Charlotte, NC"
10365,Business Data Analyst,$41K-$86K ,41000,86000,"Irving, TX"
10366,Sr. Data Analyst,$41K-$78K ,41000,78000,"New York, NY"
10367,Data Analyst,$50K-$86K ,50000,86000,"Charlotte, NC"
10368,Data Analyst,$37K-$68K ,37000,68000,"Lackland AFB, TX"
10369,Data Analyst,$60K-$124K ,60000,124000,"San Diego, CA"
10370,Data Analyst,$59K-$85K ,59000,85000,"New York, NY"
10371,Data Analyst,$42K-$74K ,42000,74000,"Newark, NJ"
10372,Data Analyst III,$45K-$88K ,45000,88000,"Newark, NJ"
10373,Sr. Data Analyst,$113K-$132K ,113000,132000,"Woodland Hills, CA"
10374,Data Analyst,$65K-$81K ,65000,81000,"Woodland Hills, CA"
10375,Sr. Data Analyst,$113K-$132K ,113000,132000,"Long Beach, CA"
10376,Sr. Data Analyst,$113K-$132K ,113000,132000,"Long Beach, CA"
10377,Data Analyst,$35K-$45K ,35000,45000,"Long Beach, CA"
10378,Sr. Data Analyst,$35K-$45K ,35000,45000,"Long Beach, CA"
10379,Data Analyst,$42K-$66K ,42000,66000,"Long Beach, CA"
10380,Sr. Data Analyst,$65K-$81K ,65000,81000,"Long Beach, CA"
10381,Data Analyst III,$35K-$42K ,35000,42000,"Austin, TX"
10382,Data Analyst II,$53K-$104K ,53000,104000,"Austin, TX"
10383,Lead Data Analyst,$68K-$87K ,68000,87000,"Chicago, IL"
10384,Data Analyst III,$47K-$76K ,47000,76000,"Houston, TX"
10385,Data Analyst III,$60K-$124K ,60000,124000,"San Diego, CA"
10386,Data Analyst III,$35K-$42K ,35000,42000,"Austin, TX"
10387,Data Analyst III,$47K-$76K ,47000,76000,"Houston, TX"
10388,Sr. Data Analyst,$65K-$81K ,65000,81000,"Marina del Rey, CA"
10389,Business Data Analyst,$50K-$93K ,50000,93000,"Berwyn, PA"
10390,Financial Data Analyst,$43K-$69K ,43000,69000,"Smithfield, VA"
10391,Data Analyst,$76K-$122K ,76000,122000,"San Diego, CA"
10392,Data Analyst,$97K-$129K ,97000,129000,"Northfield, IL"
10393,Data Analyst,$60K-$66K ,60000,66000,"Broadview, IL"
10394,Data Analyst,$73K-$82K ,73000,82000,"Woodridge, IL"
10395,Sr. Data Analyst,$41K-$78K ,41000,78000,"New York, NY"
10396,Principal Data Analyst,$45K-$88K ,45000,88000,"New York, NY"
10397,Principal Data Analyst,$46K-$87K ,46000,87000,"New York, NY"
10398,Sr. Data Analyst,$46K-$87K ,46000,87000,"New York, NY"
10399,Financial Data Analyst,$113K-$132K ,113000,132000,"Burbank, CA"
10400,Data Analyst,$37K-$70K ,37000,70000,"Burbank, CA"
10401,Sr. Data Analyst,$43K-$76K ,43000,76000,"New York, NY"
10402,Financial Data Analyst,$113K-$132K ,113000,132000,"Burbank, CA"
10403,Data Analyst,$35K-$45K ,35000,45000,"Burbank, CA"
10404,Sr. Data Analyst,$37K-$70K ,37000,70000,"Burbank, CA"
10405,Data Analyst,$57K-$104K ,57000,104000,"San Mateo, CA"
10406,Data Analyst,$57K-$67K ,57000,67000,"Thornton, CO"
10407,Data Analyst III,$68K-$87K ,68000,87000,"Deerfield, IL"
10408,Sr. Data Analyst,$97K-$129K ,97000,129000,"Deerfield, IL"
10409,Business Data Analyst,$35K-$67K ,35000,67000,"Issaquah, WA"
10410,Data Analyst,$35K-$67K ,35000,67000,"Issaquah, WA"
10411,Data Analyst,$55K-$101K ,55000,101000,"Issaquah, WA"
10412,Data Analyst,$37K-$68K ,37000,68000,"San Antonio, TX"
10413,Data Analyst,$24K-$48K ,24000,48000,"Arlington, TX"
10414,Data Analyst,$24K-$48K ,24000,48000,"Arlington, TX"
10415,Data Analyst,$40K-$74K ,40000,74000,"Mooresville, NC"
10416,Sr. Data Analyst,$40K-$74K ,40000,74000,"Mooresville, NC"
10417,Data Analyst,$53K-$99K ,53000,99000,"Mooresville, NC"
10418,Data Analyst,$53K-$99K ,53000,99000,"Mooresville, NC"
10419,Data Analyst,$57K-$100K ,57000,100000,"Broomfield, CO"
10420,Data Analyst,$57K-$100K ,57000,100000,"Broomfield, CO"
10421,Data Analyst,$78K-$104K ,78000,104000,"Broomfield, CO"
10422,Data Analyst,$24K-$48K ,24000,48000,"Dallas, TX"
10423,Data Analyst,$34K-$61K ,34000,61000,"Whitestown, IN"
10424,Business Data Analyst,$46K-$102K ,46000,102000,"Phoenix, AZ"
10425,Data Analyst,$60K-$124K ,60000,124000,"El Cajon, CA"
10426,Sr. Data Analyst,$110K-$190K ,110000,190000,"Santa Clara, CA"
10427,Data Analyst,$37K-$66K ,37000,66000,"New York, NY"
10428,Sr. Data Analyst,$41K-$78K ,41000,78000,"Blue Bell, PA"
10429,Data Analyst,$24K-$48K ,24000,48000,"Dallas, TX"
10430,Sr. Data Analyst,$27K-$52K ,27000,52000,"New York, NY"
10431,Data Analyst,$24K-$48K ,24000,48000,"Dallas, TX"
10432,Sr. Data Analyst,$46K-$86K ,46000,86000,"San Mateo, CA"
10433,Data Analyst,$93K-$159K ,93000,159000,"San Mateo, CA"
10434,Sr. Data Analyst,$37K-$66K ,37000,66000,"New York, NY"
10435,Data Analyst,$46K-$87K ,46000,87000,"New York, NY"
10436,Sr. Business Analyst,$49K-$112K ,49000,112000,"Chesapeake, VA"
10437,Data Analyst,$37K-$68K ,37000,68000,"San Antonio, TX"
10438,Data Analyst,$47K-$76K ,47000,76000,"Houston, TX"
10439,Data Science Analyst,$43K-$76K ,43000,76000,"New York, NY"
10440,Data Analyst,$60K-$66K ,60000,66000,"Chicago, IL"
10441,Data Analyst,$37K-$66K ,37000,66000,"New York, NY"
10442,Data Analyst,$64K-$113K ,64000,113000,"Boothwyn, PA"
10443,Data Analyst,$41K-$78K ,41000,78000,"Camden, NJ"
10444,Business Data Analyst,$78K-$104K ,78000,104000,"Centennial, CO"
10445,Jr. Data Analyst,$53K-$94K ,53000,94000,"Phoenix, AZ"
10446,Data Analyst,$24K-$48K ,24000,48000,"Richardson, TX"
10447,Data Analyst,$43K-$77K ,43000,77000,"Round Rock, TX"
10448,Data Analyst,$43K-$94K ,43000,94000,"Tempe, AZ"
10449,Sr. Data Analyst,$64K-$113K ,64000,113000,"Wayne, PA"
10450,Business Data Analyst,$50K-$93K ,50000,93000,"Wilmington, DE"
10451,Data Analyst,$89K-$151K ,89000,151000,"Cupertino, CA"
10452,Data Analyst,$27K-$52K ,27000,52000,"Jersey City, NJ"
10453,Business Data Analyst,$41K-$78K ,41000,78000,"Jersey City, NJ"
10454,Data Analyst,$51K-$88K ,51000,88000,"New York, NY"
10455,Data Analyst,$41K-$86K ,41000,86000,"Plano, TX"
10456,Data Analyst,$43K-$94K ,43000,94000,"Phoenix, AZ"
10457,Sr. Data Analyst,$73K-$89K ,73000,89000,"San Antonio, TX"
10458,Sr. Data Analyst,$73K-$89K ,73000,89000,"San Antonio, TX"
10459,Data Analyst,$82K-$116K ,82000,116000,"San Francisco, CA"
10460,Data Analyst,$42K-$66K ,42000,66000,"Woodland Hills, CA"
10461,Data Analyst,$64K-$113K ,64000,113000,"Philadelphia, PA"
10462,Data Analyst,$40K-$72K ,40000,72000,"Jacksonville, FL"
10463,Data Analyst,$41K-$86K ,41000,86000,"Dallas, TX"
10464,Data Analyst,$43K-$94K ,43000,94000,"Chandler, AZ"
10465,Data Analyst,$40K-$74K ,40000,74000,"Charlotte, NC"
10466,Data Science Analyst,$50K-$86K ,50000,86000,"Charlotte, NC"
10467,Business Data Analyst,$54K-$75K ,54000,75000,"Charlotte, NC"
10468,Business Data Analyst,$74K-$123K ,74000,123000,"Houston, TX"
10469,Data Analyst,$67K-$92K ,67000,92000,"Chicago, IL"
10470,Data Analyst,$68K-$87K ,68000,87000,"Chicago, IL"
10471,Sr. Data Analyst,$97K-$129K ,97000,129000,"Chicago, IL"
10472,Sr. Data Analyst,$57K-$100K ,57000,100000,"Englewood, CO"
10473,Data Analyst,$47K-$76K ,47000,76000,"Pasadena, TX"
10474,Jr. Data Analyst,$37K-$44K ,37000,44000,"Philadelphia, PA"
10475,Data Analyst,$38K-$68K ,38000,68000,"Philadelphia, PA"
10476,Sr. Data Analyst,$64K-$113K ,64000,113000,"Philadelphia, PA"
10477,Data Analyst,$28K-$52K ,28000,52000,"Columbus, OH"
10478,Sr. Data Analyst,$98K-$114K ,98000,114000,"Hoboken, NJ"
10479,Data Analyst,$69K-$127K ,69000,127000,"Redwood City, CA"
10480,Sr. Data Analyst,$47K-$74K ,47000,74000,"Alameda, CA"
10481,Data Analyst,$93K-$159K ,93000,159000,"Daly City, CA"
10482,Sr. Data Analyst,$47K-$74K ,47000,74000,"San Rafael, CA"
10483,Sr. Data Analyst,$47K-$74K ,47000,74000,"San Ramon, CA"
10484,Business Data Analyst,$47K-$74K ,47000,74000,"South San Francisco, CA"
10485,Data Analyst,$69K-$127K ,69000,127000,"Sunnyvale, CA"
10486,Data Analyst,$74K-$123K ,74000,123000,"Houston, TX"
10487,Data Analyst,$84K-$90K ,84000,90000,"New York, NY"
10488,Data Analyst,$55K-$103K ,55000,103000,"Culver City, CA"
10489,Data Analyst,$110K-$190K ,110000,190000,"Cupertino, CA"
10490,Data Analyst III,$58K-$93K ,58000,93000,"Redwood City, CA"
10491,Data Analyst,$99K-$178K ,99000,178000,"San Francisco, CA"
10492,Data Analyst,$110K-$190K ,110000,190000,"Sunnyvale, CA"
10493,Data Analyst,$57K-$67K ,57000,67000,"Boulder, CO"
10494,Data Analyst,$60K-$66K ,60000,66000,"Chicago, IL"
10495,Sr. Data Analyst,$67K-$92K ,67000,92000,"Chicago, IL"
10496,Data Analyst,$24K-$48K ,24000,48000,"Dallas, TX"
10497,Data Analyst,$41K-$78K ,41000,78000,"Feasterville, PA"
10498,Business Data Analyst,$29K-$38K ,29000,38000,"Houston, TX"
10499,Data Analyst,$29K-$38K ,29000,38000,"Houston, TX"
10500,Data Analyst,$41K-$78K ,41000,78000,"Malvern, PA"
10501,Sr. Data Analyst,$38K-$68K ,38000,68000,"Philadelphia, PA"
10502,Data Analyst,$46K-$102K ,46000,102000,"Phoenix, AZ"
10503,Data Analyst,$57K-$104K ,57000,104000,"San Francisco, CA"
10504,Data Analyst,$57K-$104K ,57000,104000,"San Francisco, CA"
10505,Data Analyst,$38K-$68K ,38000,68000,"Wilmington, DE"
10506,Data Analyst,$41K-$78K ,41000,78000,"Wilmington, DE"
10507,Business Data Analyst,$37K-$44K ,37000,44000,"Wilmington, DE"
10508,Data Analyst,$50K-$86K ,50000,86000,"Charlotte, NC"
10509,Business Data Analyst,$30K-$53K ,30000,53000,"Dallas, TX"
10510,Data Analyst,$44K-$82K ,44000,82000,"Dallas, TX"
10511,Data Analyst,$65K-$81K ,65000,81000,"Glendale, CA"
10512,Data Analyst,$35K-$45K ,35000,45000,"Los Angeles, CA"
10513,Data Analyst,$38K-$68K ,38000,68000,"Wayne, PA"
10514,Data Analyst,$42K-$76K ,42000,76000,"Northbrook, IL"
10515,Data Analyst,$48K-$88K ,48000,88000,"Richardson, TX"
10516,Jr. Data Analyst,$48K-$88K ,48000,88000,"Richardson, TX"
10517,Data Analyst,$93K-$159K ,93000,159000,"San Francisco, CA"
10518,Sr. Data Analyst,$57K-$100K ,57000,100000,"Louisville, CO"
10519,Data Analyst,$29K-$38K ,29000,38000,"Houston, TX"
10520,Data Analyst,$43K-$69K ,43000,69000,"Norfolk, VA"
10521,Data Analyst,$49K-$112K ,49000,112000,"Norfolk, VA"
10522,Data Analyst,$53K-$94K ,53000,94000,"Phoenix, AZ"
10523,Data Analyst,$43K-$69K ,43000,69000,"Hampton, VA"
10524,Data Analyst,$59K-$85K ,59000,85000,"New York, NY"
10525,Data Analyst,$44K-$82K ,44000,82000,"Arlington, TX"
10526,Business Data Analyst,$48K-$88K ,48000,88000,"Arlington, TX"
10527,Business Data Analyst,$53K-$94K ,53000,94000,"Scottsdale, AZ"
10528,Data Analyst,$53K-$94K ,53000,94000,"Scottsdale, AZ"
10529,Data Analyst,$76K-$122K ,76000,122000,"San Diego, CA"
10530,Data Analyst II,$76K-$122K ,76000,122000,"San Diego, CA"
10531,Data Analyst,$67K-$92K ,67000,92000,"Rolling Meadows, IL"
10532,Sr. Data Analyst,$53K-$94K ,53000,94000,"Glendale, AZ"
10533,Sr. Data Analyst,$74K-$123K ,74000,123000,"Sugar Land, TX"
10534,Data Analyst,$51K-$87K ,51000,87000,"New York, NY"
10535,Data Analyst,$27K-$52K ,27000,52000,"New York, NY"
10536,Data Analyst,$53K-$104K ,53000,104000,"Austin, TX"
10537,Sr. Data Analyst,$67K-$92K ,67000,92000,"Chicago, IL"
10538,Data Analyst,$29K-$38K ,29000,38000,"Houston, TX"
10539,Sr. Data Analyst,$113K-$132K ,113000,132000,"Gardena, CA"
10540,Data Analyst,$29K-$38K ,29000,38000,"Pearland, TX"
10541,Data Analyst,$47K-$76K ,47000,76000,"Pearland, TX"
10542,Data Analyst,$74K-$123K ,74000,123000,"Pearland, TX"
10543,Data Analyst II,$74K-$123K ,74000,123000,"Pearland, TX"
10544,Sr. Data Analyst,$74K-$123K ,74000,123000,"Pearland, TX"
10545,Data Analyst,$34K-$61K ,34000,61000,"Indianapolis, IN"
10546,Data Analyst,$29K-$38K ,29000,38000,"Houston, TX"
10547,Sr. Data Analyst,$47K-$76K ,47000,76000,"Houston, TX"
10548,Lead Data Analyst,$74K-$123K ,74000,123000,"Houston, TX"
10549,Data Analyst,$50K-$93K ,50000,93000,"Philadelphia, PA"
10550,Sr. Data Analyst,$77K-$132K ,77000,132000,"New York, NY"
10551,Data Analyst,$89K-$151K ,89000,151000,"Redwood City, CA"
10552,Data Analyst,$35K-$42K ,35000,42000,"Austin, TX"
10553,Data Analyst,$35K-$42K ,35000,42000,"Austin, TX"
10554,Data Analyst,$54K-$75K ,54000,75000,"Charlotte, NC"
10555,Data Analyst,$26K-$47K ,26000,47000,"Salt Lake City, UT"
10556,Data Analyst,$55K-$103K ,55000,103000,"El Segundo, CA"
10557,Financial Data Analyst,$46K-$86K ,46000,86000,"Foster City, CA"
10558,Financial Data Analyst,$82K-$116K ,82000,116000,"Foster City, CA"
10559,Data Analyst,$55K-$101K ,55000,101000,"Redmond, WA"
10560,Sr. Data Analyst,$110K-$190K ,110000,190000,"Newark, CA"
10561,Data Analyst,$110K-$190K ,110000,190000,"Redwood City, CA"
10562,Data Analyst,$29K-$38K ,29000,38000,"Houston, TX"
10563,Sr. Data Analyst,$53K-$104K ,53000,104000,"Austin, TX"
10564,Data Analyst,$60K-$66K ,60000,66000,"Chicago, IL"
10565,Sr. Data Analyst,$41K-$78K ,41000,78000,"New York, NY"
10566,Sr. Data Analyst,$26K-$47K ,26000,47000,"Salt Lake City, UT"
10567,Financial Data Analyst,$89K-$151K ,89000,151000,"Redwood City, CA"
10568,Data Analyst,$40K-$74K ,40000,74000,"Charlotte, NC"
10569,Data Analyst,$59K-$85K ,59000,85000,"New York, NY"
10570,Business Data Analyst,$46K-$87K ,46000,87000,"Jersey City, NJ"
10571,Sr. Data Analyst,$60K-$110K ,60000,110000,"Jersey City, NJ"
10572,Lead Data Analyst,$55K-$101K ,55000,101000,"Kirkland, WA"
10573,Data Analyst,$24K-$48K ,24000,48000,"Dallas, TX"
10574,Data Analyst,$50K-$86K ,50000,86000,"Irving, TX"
10575,Data Analyst,$69K-$127K ,69000,127000,"San Jose, CA"
10576,Data Analyst,$67K-$92K ,67000,92000,"Northbrook, IL"
10577,Data Analyst,$43K-$69K ,43000,69000,"Hampton, VA"
10578,Data Analyst,$43K-$69K ,43000,69000,"Hampton, VA"
10579,Data Analyst,$43K-$69K ,43000,69000,"Hampton, VA"
10580,Data Analyst,$49K-$112K ,49000,112000,"Hampton, VA"
10581,Data Analyst,$69K-$127K ,69000,127000,"Fremont, CA"
10582,Data Analyst,$57K-$67K ,57000,67000,"Denver, CO"
10583,Data Analyst,$36K-$67K ,36000,67000,"Topeka, KS"
10584,Data Analyst,$74K-$123K ,74000,123000,"Houston, TX"
10585,Data Analyst,$37K-$68K ,37000,68000,"San Antonio, TX"
10586,Data Analyst,$57K-$67K ,57000,67000,"Denver, CO"
10587,Data Analyst,$50K-$86K ,50000,86000,"Charlotte, NC"
10588,Data Analyst,$73K-$82K ,73000,82000,"Chicago, IL"
10589,Data Analyst,$40K-$72K ,40000,72000,"Jacksonville, FL"
10590,Data Analyst,$64K-$113K ,64000,113000,"Malvern, PA"
10591,Data Analyst,$42K-$74K ,42000,74000,"New York, NY"
10592,Data Analyst,$43K-$76K ,43000,76000,"New York, NY"
10593,Data Analyst,$45K-$88K ,45000,88000,"New York, NY"
10594,Data Analyst,$51K-$88K ,51000,88000,"New York, NY"
10595,Data Analyst,$84K-$90K ,84000,90000,"New York, NY"
10596,Data Analyst,$84K-$90K ,84000,90000,"New York, NY"
10597,Business Data Analyst,$43K-$94K ,43000,94000,"Phoenix, AZ"
10598,Data Analyst,$48K-$88K ,48000,88000,"Plano, TX"
10599,Data Analyst,$37K-$68K ,37000,68000,"San Antonio, TX"
10600,Data Analyst,$73K-$89K ,73000,89000,"San Antonio, TX"
10601,Business Data Analyst,$46K-$86K ,46000,86000,"San Francisco, CA"
10602,Business Data Analyst,$46K-$86K ,46000,86000,"San Francisco, CA"
10603,Lead Data Analyst,$65K-$120K ,65000,120000,"San Francisco, CA"
10604,Business Data Analyst,$93K-$159K ,93000,159000,"San Francisco, CA"
10605,Data Analyst,$93K-$159K ,93000,159000,"San Francisco, CA"
10606,Data Analyst,$110K-$190K ,110000,190000,"San Jose, CA"
10607,Sr. Data Analyst,$63K-$116K ,63000,116000,"Santa Clara, CA"
10608,Data Analyst,$53K-$94K ,53000,94000,"Tempe, AZ"
10609,Sr. Data Analyst,$67K-$92K ,67000,92000,"Chicago, IL"
10610,Data Analyst,$46K-$102K ,46000,102000,"Phoenix, AZ"
10611,Data Analyst,$57K-$67K ,57000,67000,"Denver, CO"
10612,Data Analyst,$46K-$86K ,46000,86000,"San Francisco, CA"
10613,Data Analyst,$47K-$74K ,47000,74000,"South San Francisco, CA"
10614,Sr. Data Analyst,$58K-$93K ,58000,93000,"Santa Clara, CA"
10615,Data Analyst,$34K-$61K ,34000,61000,"Carmel, IN"
10616,Data Science Analyst,$37K-$66K ,37000,66000,"New York, NY"
10617,Data Analyst,$89K-$151K ,89000,151000,"San Jose, CA"
10618,Jr. Data Analyst,$65K-$81K ,65000,81000,"Long Beach, CA"
10619,Data Scientist,$26K-$47K ,26000,47000,"Lehi, UT"
10620,Data Analyst,$51K-$87K ,51000,87000,"New York, NY"
10621,Sr. Data Analyst,$42K-$74K ,42000,74000,"New York, NY"
10622,Data Analyst,$37K-$66K ,37000,66000,"New York, NY"
10623,Data Analyst,$41K-$78K ,41000,78000,"Bronx, NY"
10624,Data Analyst,$35K-$67K ,35000,67000,"Seattle, WA"
10625,Data Analyst,$55K-$101K ,55000,101000,"Seattle, WA"
10626,Data Analyst,$41K-$86K ,41000,86000,"Arlington, TX"
10627,Sr. Data Analyst,$48K-$88K ,48000,88000,"Arlington, TX"
10628,Data Analyst,$42K-$66K ,42000,66000,"Torrance, CA"
10629,Data Analyst,$57K-$104K ,57000,104000,"San Rafael, CA"
10630,Lead Data Analyst,$64K-$113K ,64000,113000,"Philadelphia, PA"
10631,Jr. Data Analyst,$60K-$66K ,60000,66000,"Chicago, IL"
10632,Data Analyst,$50K-$86K ,50000,86000,"Fort Worth, TX"
10633,Data Analyst,$49K-$112K ,49000,112000,"Norfolk, VA"
10634,Data Analyst,$76K-$122K ,76000,122000,"San Diego, CA"
10635,Data Analyst,$59K-$85K ,59000,85000,"Jersey City, NJ"
10636,Data Analyst,$38K-$68K ,38000,68000,"Radnor, PA"
10637,Data Analyst,$64K-$113K ,64000,113000,"Wayne, PA"
10638,Data Analyst,$65K-$120K ,65000,120000,"Hercules, CA"
10639,Sr. Data Analyst,$27K-$52K ,27000,52000,"Berkeley Heights, NJ"
10640,Data Analyst,$64K-$113K ,64000,113000,"Gwynedd Township, PA"
10641,Data Analyst,$64K-$113K ,64000,113000,"Gwynedd Township, PA"
10642,Data Analyst,$60K-$124K ,60000,124000,"San Diego, CA"
10643,Sr. Data Analyst,$60K-$124K ,60000,124000,"San Diego, CA"
10644,Data Analyst,$76K-$122K ,76000,122000,"San Diego, CA"
10645,Sr. Data Analyst,$42K-$76K ,42000,76000,"Chicago, IL"
10646,Sr. Data Analyst,$77K-$132K ,77000,132000,"New York, NY"
10647,Data Analyst,$41K-$78K ,41000,78000,"Philadelphia, PA"
10648,Data Analyst,$64K-$113K ,64000,113000,"Philadelphia, PA"
10649,Data Analyst,$41K-$78K ,41000,78000,"New York, NY"
10650,Data Analyst,$41K-$86K ,41000,86000,"Irving, TX"
10651,Data Analyst,$42K-$76K ,42000,76000,"Austin, TX"
10652,Business Data Analyst,$50K-$86K ,50000,86000,"Charlotte, NC"
10653,Data Analyst IV,$97K-$129K ,97000,129000,"Chicago, IL"
10654,Data Analyst,$55K-$103K ,55000,103000,"El Segundo, CA"
10655,Data Analyst,$47K-$76K ,47000,76000,"Houston, TX"
10656,Data Analyst,$40K-$72K ,40000,72000,"Jacksonville, FL"
10657,Data Analyst,$77K-$132K ,77000,132000,"Jersey City, NJ"
10658,Data Analyst,$57K-$103K ,57000,103000,"Los Angeles, CA"
10659,Sr. Data Analyst,$57K-$103K ,57000,103000,"Los Angeles, CA"
10660,Data Analyst,$51K-$87K ,51000,87000,"New York, NY"
10661,Data Analyst,$41K-$78K ,41000,78000,"Philadelphia, PA"
10662,Data Analyst,$53K-$94K ,53000,94000,"Phoenix, AZ"
10663,Data Analyst,$47K-$81K ,47000,81000,"Reedley, CA"
10664,Data Analyst,$69K-$127K ,69000,127000,"Sunnyvale, CA"
10665,Data Analyst,$50K-$86K ,50000,86000,"Charlotte, NC"
10666,Business Data Analyst,$50K-$86K ,50000,86000,"Charlotte, NC"
10667,Data Analyst,$50K-$86K ,50000,86000,"Charlotte, NC"
10668,Data Analyst,$54K-$75K ,54000,75000,"Charlotte, NC"
10669,Data Analyst,$73K-$82K ,73000,82000,"Chicago, IL"
10670,Data Analyst,$73K-$82K ,73000,82000,"Chicago, IL"
10671,Data Analyst,$54K-$75K ,54000,75000,"Charlotte, NC"
10672,Data Analyst,$57K-$100K ,57000,100000,"Greenwood Village, Arapahoe, CO"
10673,Data Analyst,$57K-$67K ,57000,67000,"Greenwood Village, Arapahoe, CO"
10674,Business Data Analyst,$30K-$53K ,30000,53000,"Irving, TX"
10675,Data Analyst,$51K-$87K ,51000,87000,"Jersey City, NJ"
10676,Data Analyst II,$51K-$93K ,51000,93000,"Menlo Park, CA"
10677,Data Analyst,$63K-$116K ,63000,116000,"Menlo Park, CA"
10678,Data Analyst,$41K-$78K ,41000,78000,"Philadelphia, PA"
10679,Sr. Data Analyst,$44K-$78K ,44000,78000,"Plano, TX"
10680,Business Data Analyst,$65K-$120K ,65000,120000,"San Francisco, CA"
10681,Sr. Data Analyst,$48K-$88K ,48000,88000,"Irving, TX"
10682,Data Analyst,$37K-$70K ,37000,70000,"Los Angeles, CA"
10683,Data Analyst,$32K-$56K ,32000,56000,"Athens, GA"
10684,Data Analyst,$26K-$47K ,26000,47000,"Salt Lake City, UT"
10685,Sr. Data Analyst,$55K-$101K ,55000,101000,"Seattle, WA"
10686,Data Analyst,$37K-$70K ,37000,70000,"Los Angeles, CA"
10687,Data Analyst,$60K-$66K ,60000,66000,"Chicago, IL"
10688,Sr. Data Analyst,$67K-$92K ,67000,92000,"Chicago, IL"
10689,Data Analyst,$45K-$88K ,45000,88000,"New York, NY"
10690,Data Analyst,$59K-$85K ,59000,85000,"New York, NY"
10691,Data Analyst,$60K-$124K ,60000,124000,"San Diego, CA"
10692,Sr. Data Analyst,$65K-$120K ,65000,120000,"San Francisco, CA"
10693,Data Analyst,$60K-$66K ,60000,66000,"Chicago, IL"
10694,Data Analyst,$60K-$66K ,60000,66000,"Chicago, IL"
10695,Data Analyst,$42K-$76K ,42000,76000,"Chicago, IL"
10696,Data Analyst,$37K-$70K ,37000,70000,"El Segundo, CA"
10697,Sr. Data Analyst,$34K-$61K ,34000,61000,"Jeffersonville, IN"
10698,Data Analyst,$34K-$61K ,34000,61000,"Indianapolis, IN"
10699,Lead Data Analyst,$45K-$88K ,45000,88000,"New York, NY"
10700,Sr. Data Analyst,$37K-$70K ,37000,70000,"Pasadena, CA"
10701,Data Analyst,$51K-$87K ,51000,87000,"New York, NY"
10702,Sr. Data Analyst,$78K-$104K ,78000,104000,"Broomfield, CO"
10703,Sr. Data Analyst,$34K-$61K ,34000,61000,"Beech Grove, IN"
10704,Data Analyst,$37K-$66K ,37000,66000,"New York, NY"
10705,Sr. Data Analyst,$60K-$110K ,60000,110000,"New York, NY"
10706,Data Analyst,$37K-$66K ,37000,66000,"New York, NY"
10707,Sr. Data Analyst,$57K-$103K ,57000,103000,"Beverly Hills, CA"
10708,Data Analyst,$37K-$70K ,37000,70000,"Los Angeles, CA"
10709,Sr. Data Analyst,$37K-$70K ,37000,70000,"Los Angeles, CA"
10710,Sr. Data Analyst,$55K-$103K ,55000,103000,"Los Angeles, CA"
10711,Data Analyst,$51K-$93K ,51000,93000,"Palo Alto, CA"
10712,Data Analyst,$98K-$114K ,98000,114000,"New York, NY"
10713,Data Analyst,$35K-$42K ,35000,42000,"Austin, TX"
10714,Data Analyst,$57K-$67K ,57000,67000,"Denver, CO"
10715,Data Analyst,$57K-$104K ,57000,104000,"San Francisco, CA"
10716,Sr. Data Analyst,$57K-$104K ,57000,104000,"San Francisco, CA"
10717,Sr. Data Analyst,$51K-$93K ,51000,93000,"Mountain View, CA"
10718,Sr. Data Analyst,$60K-$124K ,60000,124000,"San Diego, CA"
10719,Sr. Data Analyst,$60K-$124K ,60000,124000,"San Diego, CA"
10720,Sr. Data Analyst,$58K-$93K ,58000,93000,"Sunnyvale, CA"
10721,Data Analyst,$53K-$104K ,53000,104000,"Austin, TX"
10722,Data Analyst,$51K-$88K ,51000,88000,"New York, NY"
10723,Sr. Data Analyst,$77K-$132K ,77000,132000,"New York, NY"
10724,Sr. Data Analyst,$93K-$159K ,93000,159000,"San Francisco, CA"
10725,Sr. Data Analyst,$99K-$178K ,99000,178000,"San Francisco, CA"
10726,Data Analyst,$42K-$74K ,42000,74000,"New York, NY"
10727,Data Analyst,$113K-$132K ,113000,132000,"Brea, CA"
10728,Data Analyst,$35K-$45K ,35000,45000,"Brea, CA"
10729,Data Analyst,$113K-$132K ,113000,132000,"Long Beach, CA"
10730,Data Analyst,$65K-$81K ,65000,81000,"Long Beach, CA"
10731,Sr. Data Analyst,$34K-$61K ,34000,61000,"Carmel, IN"
10732,Sr. Data Analyst,$40K-$72K ,40000,72000,"Jacksonville, FL"
10733,Sr. Data Analyst,$46K-$86K ,46000,86000,"San Francisco, CA"
10734,Sr. Data Analyst,$73K-$82K ,73000,82000,"Chicago, IL"
10735,Data Analyst,$41K-$86K ,41000,86000,"Lewisville, TX"
10736,Sr. Data Analyst,$47K-$74K ,47000,74000,"Walnut Creek, CA"
10737,Data Analyst,$35K-$45K ,35000,45000,"Los Angeles, CA"
10738,Sr. Data Analyst,$48K-$88K ,48000,88000,"Dallas, TX"
10739,Sr. Data Analyst,$46K-$102K ,46000,102000,"Phoenix, AZ"
10740,Data Analyst,$97K-$129K ,97000,129000,"Glenview, IL"
10741,Data Analyst II,$30K-$53K ,30000,53000,"Grapevine, TX"
10742,Sr. Data Analyst,$44K-$82K ,44000,82000,"Dallas, TX"
10743,Data Analyst,$110K-$190K ,110000,190000,"Fremont, CA"
10744,Data Analyst,$27K-$52K ,27000,52000,"New York, NY"
10745,Data Analyst,$37K-$70K ,37000,70000,"Los Angeles, CA"
10746,Business Data Analyst,$60K-$66K ,60000,66000,"Chicago, IL"
10747,Data Analyst,$73K-$89K ,73000,89000,"San Antonio, TX"
10748,Sr. Data Analyst,$30K-$53K ,30000,53000,"Dallas, TX"
10749,Sr. Data Analyst,$53K-$94K ,53000,94000,"Scottsdale, AZ"
10750,Sr. Data Analyst,$53K-$99K ,53000,99000,"Charlotte, NC"
10751,Data Analyst,$28K-$52K ,28000,52000,"Columbus, OH"
10752,Data Analyst,$43K-$94K ,43000,94000,"Tempe, AZ"
10753,Sr. Data Analyst,$45K-$78K ,45000,78000,"Tempe, AZ"
10754,Data Analyst,$46K-$102K ,46000,102000,"Tempe, AZ"
10755,Sr. Data Analyst,$37K-$68K ,37000,68000,"San Antonio, TX"
10756,Data Analyst,$29K-$38K ,29000,38000,"Houston, TX"
10757,Sr. Data Analyst,$74K-$123K ,74000,123000,"Houston, TX"
10758,Lead Data Analyst,$44K-$78K ,44000,78000,"Plano, TX"
10759,Sr. Data Analyst,$31K-$59K ,31000,59000,"Salt Lake City, UT"
10760,Data Analyst,$110K-$190K ,110000,190000,"Santa Clara, CA"
10761,Data Analyst,$73K-$89K ,73000,89000,"Lackland AFB, TX"
10762,Data Analyst,$57K-$103K ,57000,103000,"Los Angeles, CA"
10763,Data Analyst,$67K-$92K ,67000,92000,"Itasca, IL"
10764,Business Data Analyst,$42K-$76K ,42000,76000,"Austin, TX"
10765,Data Analyst,$42K-$76K ,42000,76000,"Austin, TX"
10766,Data Science Analyst,$43K-$69K ,43000,69000,"Norfolk, VA"
10767,Data Analyst,$37K-$66K ,37000,66000,"New York, NY"
10768,Jr. Data Analyst,$58K-$93K ,58000,93000,"Mountain View, CA"
10769,Data Analyst,$46K-$87K ,46000,87000,"Brooklyn, NY"
10770,Data Analyst,$57K-$100K ,57000,100000,"Denver, CO"
10771,Data Analyst,$55K-$101K ,55000,101000,"Kent, WA"
10772,Data Scientist,$59K-$85K ,59000,85000,"New York, NY"
10773,Data Analyst,$57K-$67K ,57000,67000,"Denver, CO"
10774,Data Analyst,$73K-$127K ,73000,127000,"New York, NY"
10775,Data Analyst,$37K-$68K ,37000,68000,"San Antonio, TX"
10776,Data Analyst,$55K-$103K ,55000,103000,"Los Angeles, CA"
10777,Sr. Data Analyst,$46K-$86K ,46000,86000,"San Francisco, CA"
10778,Data Analyst,$41K-$78K ,41000,78000,"New York, NY"
10779,Data Analyst,$45K-$78K ,45000,78000,"Tempe, AZ"
10780,Sr. Data Analyst,$43K-$94K ,43000,94000,"Chandler, AZ"
10781,Data Analyst,$26K-$47K ,26000,47000,"Salt Lake City, UT"
10782,Data Analyst,$55K-$101K ,55000,101000,"Kent, WA"
10783,Data Analyst,$55K-$101K ,55000,101000,"Renton, WA"
10784,Sr. Data Analyst,$35K-$45K ,35000,45000,"Los Angeles, CA"
10785,Data Analyst,$26K-$47K ,26000,47000,"Salt Lake City, UT"
10786,Sr. Data Analyst,$65K-$120K ,65000,120000,"San Francisco, CA"
10787,Data Analyst,$35K-$67K ,35000,67000,"Seattle, WA"
10788,Sr. Data Analyst,$55K-$101K ,55000,101000,"Seattle, WA"
10789,Data Analyst,$110K-$190K ,110000,190000,"Newark, CA"
10790,Sr. Data Analyst,$97K-$129K ,97000,129000,"Chicago, IL"
10791,Financial Data Analyst,$74K-$123K ,74000,123000,"Sugar Land, TX"
10792,Sr. Data Analyst,$42K-$76K ,42000,76000,"Chicago, IL"
10793,Business Data Analyst,$43K-$94K ,43000,94000,"Tempe, AZ"
10794,Data Analyst,$43K-$76K ,43000,76000,"New York, NY"
10795,Data Analyst,$59K-$85K ,59000,85000,"New York, NY"
10796,Sr. Data Analyst,$51K-$93K ,51000,93000,"Mountain View, CA"
10797,Business Data Analyst,$27K-$52K ,27000,52000,"Jersey City, NJ"
10798,Data Analyst,$41K-$78K ,41000,78000,"Jersey City, NJ"
10799,Business Data Analyst,$77K-$132K ,77000,132000,"Jersey City, NJ"
10800,Business Data Analyst,$84K-$90K ,84000,90000,"Jersey City, NJ"
10801,Data Analyst,$51K-$87K ,51000,87000,"New York, NY"
10802,Data Analyst,$42K-$76K ,42000,76000,"Austin, TX"
10803,Sr. Data Analyst,$53K-$104K ,53000,104000,"Austin, TX"
10804,Data Analyst,$60K-$66K ,60000,66000,"Chicago, IL"
10805,Sr. Data Analyst,$42K-$66K ,42000,66000,"Burbank, CA"
10806,Data Analyst,$42K-$76K ,42000,76000,"Austin, TX"
10807,Data Analyst,$49K-$91K ,49000,91000,"Centennial, CO"
10808,Data Analyst,$47K-$76K ,47000,76000,"Houston, TX"
10809,Data Analyst,$78K-$104K ,78000,104000,"Centennial, CO"
10810,Data Analyst,$35K-$67K ,35000,67000,"Bellevue, WA"
10811,Data Analyst,$50K-$86K ,50000,86000,"Charlotte, NC"
10812,Sr. Data Analyst,$57K-$103K ,57000,103000,"Los Angeles, CA"
10813,Data Analyst III,$41K-$86K ,41000,86000,"Dallas, TX"
10814,Data Analyst,$57K-$67K ,57000,67000,"Denver, CO"
10815,Business Data Analyst,$49K-$91K ,49000,91000,"Denver, CO"
10816,Sr. Data Analyst,$53K-$94K ,53000,94000,"Phoenix, AZ"
10817,Data Analyst,$57K-$104K ,57000,104000,"San Francisco, CA"
10818,Data Analyst,$60K-$124K ,60000,124000,"San Diego, CA"
10819,Data Analyst,$42K-$66K ,42000,66000,"Los Angeles, CA"
10820,Data Analyst,$73K-$82K ,73000,82000,"Chicago, IL"
10821,Data Science Analyst,$27K-$52K ,27000,52000,"Franklin Lakes, NJ"
10822,Data Analyst,$35K-$42K ,35000,42000,"Austin, TX"
10823,Data Analyst,$68K-$87K ,68000,87000,"Chicago, IL"
10824,Data Analyst,$57K-$100K ,57000,100000,"Denver, CO"
10825,Data Analyst,$60K-$110K ,60000,110000,"New York, NY"
10826,Data Analyst,$76K-$122K ,76000,122000,"San Diego, CA"
10827,Data Analyst,$89K-$151K ,89000,151000,"Cupertino, CA"
10828,Data Analyst,$40K-$74K ,40000,74000,"Charlotte, NC"
10829,Data Analyst,$53K-$99K ,53000,99000,"Charlotte, NC"
10830,Data Analyst,$35K-$67K ,35000,67000,"Fort Worth, TX"
10831,Data Analyst,$41K-$86K ,41000,86000,"Grapevine, TX"
10832,Data Analyst,$97K-$129K ,97000,129000,"Chicago, IL"
10833,Data Analyst,$57K-$70K ,57000,70000,"Westlake, TX"
10834,Data Analyst,$49K-$112K ,49000,112000,"Norfolk, VA"
10835,Data Analyst,$49K-$112K ,49000,112000,"Norfolk, VA"
10836,Data Analyst,$93K-$159K ,93000,159000,"San Francisco, CA"
10837,Business Data Analyst,$65K-$120K ,65000,120000,"San Francisco, CA"
10838,Data Analyst,$58K-$93K ,58000,93000,"Menlo Park, CA"
10839,Data Analyst II,$89K-$151K ,89000,151000,"Menlo Park, CA"
10840,Data Analyst,$64K-$113K ,64000,113000,"Philadelphia, PA"
10841,Data Analyst,$64K-$113K ,64000,113000,"Philadelphia, PA"
10842,Data Analyst,$49K-$91K ,49000,91000,"Louisville, CO"
10843,Sr. Data Analyst,$42K-$74K ,42000,74000,"New York, NY"
10844,Data Analyst,$43K-$76K ,43000,76000,"Brooklyn, NY"
10845,Data Analyst,$42K-$76K ,42000,76000,"Chicago, IL"
10846,Data Analyst,$65K-$120K ,65000,120000,"Millbrae, CA"
10847,Data Analyst,$76K-$122K ,76000,122000,"San Diego, CA"
10848,Data Analyst,$46K-$87K ,46000,87000,"New York, NY"
10849,Data Analyst,$37K-$68K ,37000,68000,"San Antonio, TX"
10850,Lead Data Analyst,$35K-$42K ,35000,42000,"Austin, TX"
10851,Business Data Analyst,$43K-$69K ,43000,69000,"Suffolk, VA"
10852,Data Analyst,$60K-$66K ,60000,66000,"Chicago, IL"
10853,Data Analyst,$110K-$190K ,110000,190000,"Cupertino, CA"
10854,Data Analyst,$58K-$93K ,58000,93000,"Cupertino, CA"
10855,Jr. Data Analyst,$60K-$66K ,60000,66000,"Downers Grove, IL"
10856,Data Analyst,$60K-$124K ,60000,124000,"San Diego, CA"
10857,Financial Data Analyst,$76K-$122K ,76000,122000,"San Diego, CA"
10858,Data Analyst,$27K-$52K ,27000,52000,"New York, NY"
10859,Data Analyst II,$30K-$53K ,30000,53000,"Dallas, TX"
10860,Jr. Data Analyst,$49K-$91K ,49000,91000,"Denver, CO"
10861,Sr. Data Analyst,$47K-$74K ,47000,74000,"San Mateo, CA"
10862,Data Analyst,$37K-$66K ,37000,66000,"New York, NY"
10863,Data Analyst,$49K-$91K ,49000,91000,"Lone Tree, CO"
10864,Data Analyst,$53K-$94K ,53000,94000,"Phoenix, AZ"
10865,Sr. Data Analyst,$77K-$132K ,77000,132000,"New York, NY"
10866,Sr. Data Analyst,$98K-$114K ,98000,114000,"New York, NY"
10867,Sr. Data Analyst,$50K-$86K ,50000,86000,"Fort Worth, TX"
10868,Data Analyst,$37K-$66K ,37000,66000,"New York, NY"
10869,Data Analyst,$43K-$76K ,43000,76000,"New York, NY"
10870,Data Science Analyst,$46K-$87K ,46000,87000,"New York, NY"
10871,Sr. Data Analyst,$77K-$132K ,77000,132000,"New York, NY"
10872,Sr. Data Analyst,$77K-$132K ,77000,132000,"Secaucus, NJ"
10873,Data Analyst,$47K-$74K ,47000,74000,"Oakland, CA"
10874,Financial Data Analyst,$97K-$129K ,97000,129000,"Chicago, IL"
10875,Sr. Data Analyst,$44K-$82K ,44000,82000,"Plano, TX"
10876,Sr. Data Analyst,$37K-$68K ,37000,68000,"San Antonio, TX"
10877,Sr. Data Analyst,$53K-$104K ,53000,104000,"Austin, TX"
10878,Sr. Data Analyst,$110K-$190K ,110000,190000,"Santa Clara, CA"
10879,Data Analyst,$24K-$48K ,24000,48000,"Plano, TX"
10880,Data Analyst II,$24K-$48K ,24000,48000,"Plano, TX"
10881,Data Analyst,$57K-$103K ,57000,103000,"Los Angeles, CA"
10882,Sr. Data Analyst,$110K-$190K ,110000,190000,"Los Gatos, CA"
10883,Sr. Data Analyst,$89K-$151K ,89000,151000,"Los Gatos, CA"
10884,Data Analyst,$53K-$104K ,53000,104000,"Austin, TX"
10885,Data Analyst,$57K-$67K ,57000,67000,"Denver, CO"
10886,Data Analyst,$35K-$67K ,35000,67000,"Redmond, WA"
10887,Data Analyst,$30K-$53K ,30000,53000,"Irving, TX"
10888,Sr. Business Analyst,$43K-$94K ,43000,94000,"Scottsdale, AZ"
10889,Sr. Data Analyst,$42K-$74K ,42000,74000,"New York, NY"
10890,Sr. Data Analyst,$77K-$132K ,77000,132000,"New York, NY"
10891,Data Analyst,$38K-$68K ,38000,68000,"Philadelphia, PA"
10892,Sr. Data Analyst,$50K-$93K ,50000,93000,"Philadelphia, PA"
10893,Jr. Data Analyst,$65K-$81K ,65000,81000,"Long Beach, CA"
10894,Data Analyst,$53K-$94K ,53000,94000,"Phoenix, AZ"
10895,Data Analyst,$42K-$76K ,42000,76000,"Oak Brook, IL"
10896,Data Analyst,$30K-$53K ,30000,53000,"Dallas, TX"
10897,Data Analyst,$41K-$86K ,41000,86000,"Dallas, TX"
10898,Data Analyst,$51K-$88K ,51000,88000,"New York, NY"
10899,Data Analyst,$57K-$103K ,57000,103000,"El Segundo, CA"
10900,Sr. Data Analyst,$77K-$132K ,77000,132000,"Brooklyn, NY"
10901,Data Analyst,$46K-$102K ,46000,102000,"Phoenix, AZ"
10902,Data Analyst,$53K-$99K ,53000,99000,"Huntersville, NC"
10903,Data Analyst,$54K-$75K ,54000,75000,"Huntersville, NC"
10904,Sr. Data Analyst,$44K-$78K ,44000,78000,"Arlington, TX"
10905,Sr. Business Analyst,$68K-$87K ,68000,87000,"Chicago, IL"
10906,Sr. Data Analyst,$63K-$116K ,63000,116000,"Mountain View, CA"
10907,Data Analyst,$51K-$87K ,51000,87000,"Florham Park, NJ"
10908,Data Analyst,$65K-$81K ,65000,81000,"Burbank, CA"
10909,Data Science Analyst,$35K-$42K ,35000,42000,"Austin, TX"
10910,Data Analust IV,$35K-$42K ,35000,42000,"Austin, TX"
10911,Data Analyst,$57K-$67K ,57000,67000,"Centennial, CO"
10912,Data Analyst,$84K-$90K ,84000,90000,"Haworth, NJ"
10913,Data Analyst,$43K-$69K ,43000,69000,"Hampton, VA"
10914,Data Analyst,$73K-$82K ,73000,82000,"Downers Grove, IL"
10915,Data Analyst,$57K-$104K ,57000,104000,"San Mateo, CA"
10916,Data Analyst,$30K-$53K ,30000,53000,"Dallas, TX"
10917,Data Analyst,$110K-$190K ,110000,190000,"San Jose, CA"
10918,Data Analyst,$57K-$100K ,57000,100000,"Denver, CO"
10919,Financial Data Analyst,$41K-$78K ,41000,78000,"New York, NY"
10920,Data Analyst,$41K-$86K ,41000,86000,"Irving, TX"
10921,Data Analyst,$58K-$93K ,58000,93000,"Sunnyvale, CA"
10922,Data Analyst,$26K-$47K ,26000,47000,"Salt Lake City, UT"
10923,Sr. Data Analyst,$31K-$59K ,31000,59000,"Salt Lake City, UT"
10924,Data Analyst,$37K-$70K ,37000,70000,"Glendale, CA"
10925,Business Data Analyst,$27K-$52K ,27000,52000,"New York, NY"
10926,Data Analyst,$49K-$91K ,49000,91000,"Denver, CO"
10927,Data Science Analyst,$49K-$91K ,49000,91000,"Denver, CO"
10928,Business Data Analyst,$46K-$86K ,46000,86000,"San Ramon, CA"
10929,Data Analyst,$55K-$101K ,55000,101000,"Seattle, WA"
10930,Data Analyst,$99K-$178K ,99000,178000,"San Francisco, CA"
10931,Data Analyst,$29K-$38K ,29000,38000,"Houston, TX"
10932,Financial Data Analyst,$35K-$45K ,35000,45000,"El Segundo, CA"
10933,Data Analyst,$43K-$69K ,43000,69000,"Hampton, VA"
10934,Data Analyst,$76K-$122K ,76000,122000,"San Diego, CA"
10935,Data Analyst,$37K-$70K ,37000,70000,"Cerritos, CA"
10936,Data Analyst,$24K-$48K ,24000,48000,"Dallas, TX"
10937,Data Analyst,$43K-$76K ,43000,76000,"Haworth, NJ"
10938,Sr. Data Analyst,$47K-$74K ,47000,74000,"Oakland, CA"
10939,Data Analyst,$93K-$159K ,93000,159000,"Oakland, CA"
10940,Data Analyst,$41K-$78K ,41000,78000,"Philadelphia, PA"
10941,Sr. Data Analyst,$63K-$116K ,63000,116000,"San Jose, CA"
10942,Data Analyst,$97K-$129K ,97000,129000,"Chicago, IL"
10943,Data Analyst,$35K-$42K ,35000,42000,"Austin, TX"
10944,Sr. Data Analyst,$44K-$82K ,44000,82000,"Dallas, TX"
10945,Data Analyst,$97K-$129K ,97000,129000,"Chicago, IL"
10946,Data Analyst,$41K-$78K ,41000,78000,"Jersey City, NJ"
10947,Data Analyst,$60K-$110K ,60000,110000,"New York, NY"
10948,Data Scientist,$46K-$87K ,46000,87000,"Weehawken, NJ"
10949,Business Data Analyst,$40K-$72K ,40000,72000,"Jacksonville, FL"
10950,Data Analyst,$60K-$110K ,60000,110000,"Jersey City, NJ"
10951,Data Analyst,$93K-$159K ,93000,159000,"San Francisco, CA"
10952,Data Analyst,$50K-$86K ,50000,86000,"Fort Worth, TX"
10953,Sr. Data Analyst,$46K-$86K ,46000,86000,"Westerville, OH"
10954,Data Analyst,$97K-$129K ,97000,129000,"Chicago, IL"
10955,Sr. Data Analyst,$42K-$66K ,42000,66000,"Burbank, CA"
10956,Data Analyst,$55K-$103K ,55000,103000,"Burbank, CA"
10957,Data Analyst,$42K-$76K ,42000,76000,"Downers Grove, IL"
10958,Business Data Analyst,$35K-$67K ,35000,67000,"Seattle, WA"
10959,Data Analyst,$54K-$75K ,54000,75000,"Charlotte, NC"
10960,Data Analyst III,$74K-$123K ,74000,123000,"Houston, TX"
10961,Business Data Analyst,$44K-$82K ,44000,82000,"Irving, TX"
10962,Data Analyst,$48K-$88K ,48000,88000,"Irving, TX"
10963,Data Analyst,$55K-$101K ,55000,101000,"Kirkland, WA"
10964,Data Analyst,$58K-$93K ,58000,93000,"Mountain View, CA"
10965,Data Analyst,$51K-$88K ,51000,88000,"New York, NY"
10966,Business Data Analyst,$98K-$114K ,98000,114000,"New York, NY"
10967,Data Analyst,$55K-$101K ,55000,101000,"Redmond, WA"
10968,Data Analyst,$37K-$68K ,37000,68000,"San Antonio, TX"
10969,Business Data Analyst,$34K-$61K ,34000,61000,"Indianapolis, IN"
10970,Data Analyst,$78K-$104K ,78000,104000,"Centennial, CO"
10971,Data Analyst,$64K-$113K ,64000,113000,"Philadelphia, PA"
10972,Data Analyst,$76K-$122K ,76000,122000,"San Diego, CA"
10973,Data Analyst,$47K-$76K ,47000,76000,"Houston, TX"
10974,Business Data Analyst,$63K-$116K ,63000,116000,"Mountain View, CA"
10975,Data Analyst,$60K-$66K ,60000,66000,"Downers Grove, IL"
10976,Jr. Data Analyst,$60K-$66K ,60000,66000,"Downers Grove, IL"
10977,Data Analyst,$34K-$61K ,34000,61000,"Indianapolis, IN"
10978,Data Analyst,$65K-$81K ,65000,81000,"Los Angeles, CA"
10979,Data Analyst,$35K-$42K ,35000,42000,"Austin, TX"
10980,Data Analyst III,$53K-$94K ,53000,94000,"Phoenix, AZ"
10981,Data Analyst,$53K-$94K ,53000,94000,"Phoenix, AZ"
10982,Business Data Analyst,$42K-$76K ,42000,76000,"Downers Grove, IL"
10983,Data Analyst,$43K-$76K ,43000,76000,"Fort Lee, NJ"
10984,Sr. Data Analyst,$63K-$116K ,63000,116000,"Palo Alto, CA"
10985,Sr. Data Analyst,$44K-$82K ,44000,82000,"Dallas, TX"
10986,Sr. Data Analyst,$73K-$82K ,73000,82000,"Chicago, IL"
10987,Data Analyst,$54K-$75K ,54000,75000,"Charlotte, NC"
10988,Data Analyst,$37K-$68K ,37000,68000,"San Antonio, TX"
10989,Data Analyst,$74K-$123K ,74000,123000,"Houston, TX"
10990,Sr. Data Analyst,$37K-$44K ,37000,44000,"Philadelphia, PA"
10991,Data Analyst,$99K-$178K ,99000,178000,"San Francisco, CA"
10992,Data Analyst,$99K-$178K ,99000,178000,"San Francisco, CA"
10993,Data Analyst,$113K-$132K ,113000,132000,"Arcadia, CA"
10994,Sr. Data Analyst,$42K-$76K ,42000,76000,"Chicago, IL"
10995,Sr. Data Analyst,$57K-$100K ,57000,100000,"Greenwood Village, Arapahoe, CO"
10996,Data Analyst III,$42K-$74K ,42000,74000,"Lake Success, NY"
10997,Data Analyst II,$45K-$88K ,45000,88000,"Lake Success, NY"
10998,Data Analyst III,$98K-$114K ,98000,114000,"Lake Success, NY"
10999,Data Analyst,$47K-$76K ,47000,76000,"Houston, TX"
11000,Data Analyst,$27K-$52K ,27000,52000,"New York, NY"
11001,Data Analyst,$98K-$114K ,98000,114000,"New York, NY"
11002,Sr. Data Analyst,$27K-$52K ,27000,52000,"New York, NY"
11003,Principal Data Analyst,$82K-$116K ,82000,116000,"San Francisco, CA"
11004,Data Analyst,$99K-$178K ,99000,178000,"San Francisco, CA"
11005,Data Analyst,$37K-$68K ,37000,68000,"San Antonio, TX"
11006,Data Analyst,$73K-$89K ,73000,89000,"San Antonio, TX"
11007,Data Analyst II,$41K-$78K ,41000,78000,"King of Prussia, PA"
11008,Sr. Data Analyst,$77K-$132K ,77000,132000,"New York, NY"
11009,Lead Data Analyst,$58K-$93K ,58000,93000,"Milpitas, CA"
11010,Sr. Data Analyst,$58K-$93K ,58000,93000,"Milpitas, CA"
11011,Data Analyst,$50K-$86K ,50000,86000,"Charlotte, NC"
11012,Data Analyst,$53K-$99K ,53000,99000,"Charlotte, NC"
11013,Sr. Data Analyst,$53K-$99K ,53000,99000,"Charlotte, NC"
11014,Data Analyst,$54K-$75K ,54000,75000,"Charlotte, NC"
11015,Data Analyst,$37K-$68K ,37000,68000,"San Antonio, TX"
11016,Data Analyst,$44K-$82K ,44000,82000,"Coppell, TX"
11017,Business Data Analyst,$37K-$44K ,37000,44000,"Philadelphia, PA"
11018,Data Analyst,$37K-$44K ,37000,44000,"Wayne, PA"
11019,Data Analyst,$28K-$52K ,28000,52000,"Dublin, OH"
11020,Data Analyst,$34K-$61K ,34000,61000,"Indianapolis, IN"
11021,Data Analyst,$35K-$67K ,35000,67000,"Fort Worth, TX"
11022,Data Analyst,$35K-$67K ,35000,67000,"Fort Worth, TX"
11023,Sr. Data Analyst,$78K-$104K ,78000,104000,"Aurora, CO"
11024,Data Analyst,$28K-$52K ,28000,52000,"Columbus, OH"
11025,Data Analyst,$37K-$68K ,37000,68000,"San Antonio, TX"
11026,Sr. Data Analyst,$73K-$89K ,73000,89000,"San Antonio, TX"
11027,Data Analyst,$37K-$66K ,37000,66000,"New York, NY"
11028,Data Analyst,$110K-$190K ,110000,190000,"Menlo Park, CA"
11029,Data Analyst,$46K-$102K ,46000,102000,"Tempe, AZ"
11030,Data Analyst,$110K-$190K ,110000,190000,"Cupertino, CA"
11031,Data Analyst,$69K-$127K ,69000,127000,"Mountain View, CA"
11032,Sr. Data Analyst,$46K-$86K ,46000,86000,"San Francisco, CA"
11033,Data Analyst,$98K-$114K ,98000,114000,"Florham Park, NJ"
11034,Sr. Data Analyst,$27K-$52K ,27000,52000,"New York, NY"
11035,Financial Data Analyst,$42K-$74K ,42000,74000,"New York, NY"
11036,Financial Data Analyst,$42K-$74K ,42000,74000,"New York, NY"
11037,Financial Data Analyst,$42K-$74K ,42000,74000,"New York, NY"
11038,Sr. Data Analyst,$42K-$74K ,42000,74000,"New York, NY"
11039,Data Analyst,$51K-$87K ,51000,87000,"New York, NY"
11040,Data Analyst,$59K-$85K ,59000,85000,"New York, NY"
11041,Data Analyst,$98K-$114K ,98000,114000,"New York, NY"
11042,Jr. Data Analyst,$35K-$42K ,35000,42000,"Austin, TX"
11043,Sr. Data Analyst,$48K-$96K ,48000,96000,"Brooklyn, NY"
11044,Data Analyst,$42K-$76K ,42000,76000,"Chicago, IL"
11045,Lead Data Analyst,$28K-$52K ,28000,52000,"Columbus, OH"
11046,Data Analyst,$73K-$127K ,73000,127000,"New York, NY"
11047,Data Analyst,$45K-$78K ,45000,78000,"Scottsdale, AZ"
11048,Sr. Data Analyst,$98K-$114K ,98000,114000,"Whippany, NJ"
11049,Data Analyst,$32K-$56K ,32000,56000,"Athens, GA"
11050,Jr. Data Analyst,$32K-$56K ,32000,56000,"Athens, GA"
11051,Jr. Data Analyst,$32K-$56K ,32000,56000,"Athens, GA"
11052,Jr. Data Analyst,$35K-$42K ,35000,42000,"Austin, TX"
11053,Data Analyst,$42K-$76K ,42000,76000,"Austin, TX"
11054,Jr. Data Analyst,$42K-$76K ,42000,76000,"Austin, TX"
11055,Jr. Data Analyst,$50K-$86K ,50000,86000,"Charlotte, NC"
11056,Jr. Data Analyst,$53K-$99K ,53000,99000,"Charlotte, NC"
11057,Data Analyst,$54K-$75K ,54000,75000,"Charlotte, NC"
11058,Jr. Data Analyst,$42K-$76K ,42000,76000,"Chicago, IL"
11059,Data Analyst,$73K-$82K ,73000,82000,"Chicago, IL"
11060,Jr. Data Analyst,$73K-$82K ,73000,82000,"Chicago, IL"
11061,Data Analyst,$28K-$52K ,28000,52000,"Columbus, OH"
11062,Jr. Data Analyst,$28K-$52K ,28000,52000,"Columbus, OH"
11063,Jr. Data Analyst,$28K-$52K ,28000,52000,"Columbus, OH"
11064,Jr. Data Analyst,$24K-$48K ,24000,48000,"Dallas, TX"
11065,Data Analyst,$30K-$53K ,30000,53000,"Dallas, TX"
11066,Jr. Data Analyst,$57K-$100K ,57000,100000,"Denver, CO"
11067,Jr. Data Analyst,$57K-$100K ,57000,100000,"Denver, CO"
11068,Data Analyst,$57K-$67K ,57000,67000,"Denver, CO"
11069,Jr. Data Analyst,$57K-$67K ,57000,67000,"Denver, CO"
11070,Data Analyst,$30K-$54K ,30000,54000,"Gainesville, FL"
11071,Jr. Data Analyst,$30K-$54K ,30000,54000,"Gainesville, FL"
11072,Jr. Data Analyst,$30K-$54K ,30000,54000,"Gainesville, FL"
11073,Jr. Data Analyst,$30K-$54K ,30000,54000,"Gainesville, FL"
11074,Data Analyst,$43K-$69K ,43000,69000,"Hampton, VA"
11075,Jr. Data Analyst,$43K-$69K ,43000,69000,"Hampton, VA"
11076,Jr. Data Analyst,$43K-$69K ,43000,69000,"Hampton, VA"
11077,Data Analyst,$47K-$76K ,47000,76000,"Houston, TX"
11078,Data Analyst,$34K-$61K ,34000,61000,"Indianapolis, IN"
11079,Jr. Data Analyst,$34K-$61K ,34000,61000,"Indianapolis, IN"
11080,Jr. Data Analyst,$34K-$61K ,34000,61000,"Indianapolis, IN"
11081,Data Analyst,$40K-$72K ,40000,72000,"Jacksonville, FL"
11082,Jr. Data Analyst,$40K-$72K ,40000,72000,"Jacksonville, FL"
11083,Jr. Data Analyst,$40K-$72K ,40000,72000,"Jacksonville, FL"
11084,Jr. Data Analyst,$35K-$45K ,35000,45000,"Los Angeles, CA"
11085,Jr. Data Analyst,$37K-$70K ,37000,70000,"Los Angeles, CA"
11086,Data Analyst,$55K-$103K ,55000,103000,"Los Angeles, CA"
11087,Data Analyst,$41K-$78K ,41000,78000,"New York, NY"
11088,Jr. Data Analyst,$48K-$96K ,48000,96000,"New York, NY"
11089,Jr. Data Analyst,$59K-$85K ,59000,85000,"New York, NY"
11090,Jr. Data Analyst,$77K-$132K ,77000,132000,"New York, NY"
11091,Data Analyst,$38K-$68K ,38000,68000,"Philadelphia, PA"
11092,Jr. Data Analyst,$41K-$78K ,41000,78000,"Philadelphia, PA"
11093,Data Analyst,$37K-$68K ,37000,68000,"San Antonio, TX"
11094,Jr. Data Analyst,$60K-$124K ,60000,124000,"San Diego, CA"
11095,Data Analyst,$76K-$122K ,76000,122000,"San Diego, CA"
11096,Jr. Data Analyst,$76K-$122K ,76000,122000,"San Diego, CA"
11097,Jr. Data Analyst,$46K-$86K ,46000,86000,"San Francisco, CA"
11098,Data Analyst,$65K-$120K ,65000,120000,"San Francisco, CA"
11099,Jr. Data Analyst,$93K-$159K ,93000,159000,"San Francisco, CA"
11100,Jr. Data Analyst,$58K-$93K ,58000,93000,"San Jose, CA"
11101,Data Analyst,$89K-$151K ,89000,151000,"San Jose, CA"
11102,Jr. Data Analyst,$89K-$151K ,89000,151000,"San Jose, CA"
11103,Data Analyst,$35K-$67K ,35000,67000,"Seattle, WA"
11104,Jr. Data Analyst,$35K-$67K ,35000,67000,"Seattle, WA"
11105,Jr. Data Analyst,$55K-$101K ,55000,101000,"Seattle, WA"
11106,Jr. Data Analyst,$50K-$93K ,50000,93000,"Wilmington, DE"
11107,Business Data Analyst,$82K-$116K ,82000,116000,"San Francisco, CA"
11108,Data Analyst,$42K-$76K ,42000,76000,"Austin, TX"
11109,Data Analyst,$54K-$75K ,54000,75000,"Charlotte, NC"
11110,Sr. Data Analyst,$34K-$61K ,34000,61000,"Indianapolis, IN"
11111,Data Analyst,$37K-$68K ,37000,68000,"San Antonio, TX"
11112,Data Analyst,$54K-$75K ,54000,75000,"Charlotte, NC"
11113,Data Analyst,$46K-$102K ,46000,102000,"Tempe, AZ"
11114,Data Analyst,$76K-$122K ,76000,122000,"San Diego, CA"
11115,Data Analyst,$27K-$52K ,27000,52000,"Essex Fells, NJ"
11116,Data Analyst,$47K-$81K ,47000,81000,"Hanford, CA"
11117,Jr. Data Analyst,$43K-$69K ,43000,69000,"Hampton, VA"
11118,Data Analyst,$67K-$92K ,67000,92000,"Chicago, IL"
11119,Financial Data Analyst,$26K-$47K ,26000,47000,"Lehi, UT"
11120,Data Analyst,$31K-$59K ,31000,59000,"Lehi, UT"
11121,Data Analyst,$99K-$178K ,99000,178000,"San Francisco, CA"
11122,Data Analyst II,$46K-$87K ,46000,87000,"New York, NY"
11123,Sr. Data Analyst,$51K-$93K ,51000,93000,"Sunnyvale, CA"
11124,Data Analyst,$41K-$86K ,41000,86000,"Irving, TX"
11125,Data Analyst,$48K-$88K ,48000,88000,"Irving, TX"
11126,Data Analyst,$45K-$78K ,45000,78000,"Tempe, AZ"
11127,Data Analyst,$54K-$75K ,54000,75000,"Charlotte, NC"
11128,Data Analyst,$51K-$87K ,51000,87000,"New York, NY"
11129,Data Analyst,$93K-$159K ,93000,159000,"San Francisco, CA"
11130,Data Analyst,$50K-$86K ,50000,86000,"Charlotte, NC"
11131,Data Analyst,$53K-$99K ,53000,99000,"Charlotte, NC"
11132,Data Analyst,$51K-$93K ,51000,93000,"Palo Alto, CA"
11133,Data Analyst,$51K-$93K ,51000,93000,"Palo Alto, CA"
11134,Data Analyst,$58K-$93K ,58000,93000,"Palo Alto, CA"
11135,Data Analyst,$63K-$116K ,63000,116000,"Palo Alto, CA"
11136,Data Analyst,$63K-$116K ,63000,116000,"Palo Alto, CA"
11137,Data Analyst,$54K-$75K ,54000,75000,"Fort Mill, SC"
11138,Data Analyst,$46K-$87K ,46000,87000,"New York, NY"
11139,Data Analyst,$73K-$127K ,73000,127000,"New York, NY"
11140,Data Analyst,$50K-$86K ,50000,86000,"Charlotte, NC"
11141,Data Analyst,$99K-$178K ,99000,178000,"San Francisco, CA"
11142,Data Analyst,$89K-$151K ,89000,151000,"Sunnyvale, CA"
11143,Data Analyst,$53K-$94K ,53000,94000,"Phoenix, AZ"
11144,Data Analyst,$28K-$52K ,28000,52000,"Columbus, OH"
11145,Data Analyst,$49K-$91K ,49000,91000,"Greenwood Village, Arapahoe, CO"
11146,Data Analyst,$65K-$120K ,65000,120000,"Berkeley, CA"
11147,Data Analyst,$35K-$67K ,35000,67000,"Seattle, WA"
11148,Data Analyst,$28K-$52K ,28000,52000,"Columbus, OH"
11149,Data Analyst,$53K-$94K ,53000,94000,"Scottsdale, AZ"
11150,Data Analyst,$60K-$66K ,60000,66000,"Chicago, IL"
11151,Sr. Data Analyst,$76K-$122K ,76000,122000,"San Diego, CA"
11152,Data Analyst,$51K-$88K ,51000,88000,"New York, NY"
11153,Data Analyst,$51K-$88K ,51000,88000,"New York, NY"
11154,Sr. Data Analyst,$57K-$104K ,57000,104000,"San Mateo, CA"
11155,Sr. Data Analyst,$41K-$86K ,41000,86000,"Dallas, TX"
11156,Sr. Data Analyst,$44K-$82K ,44000,82000,"Dallas, TX"
11157,Data Analyst,$35K-$67K ,35000,67000,"Seattle, WA"
11158,Sr. Data Analyst,$35K-$67K ,35000,67000,"Seattle, WA"
11159,Data Analyst II,$27K-$52K ,27000,52000,"New York, NY"
11160,Data Analyst,$41K-$78K ,41000,78000,"New York, NY"
11161,Data Analyst II,$42K-$74K ,42000,74000,"New York, NY"
11162,Data Analyst,$45K-$88K ,45000,88000,"New York, NY"
11163,Data Analyst,$30K-$54K ,30000,54000,"Alachua, FL"
11164,Data Analyst III,$30K-$54K ,30000,54000,"Gainesville, FL"
11165,Sr. Data Analyst,$41K-$78K ,41000,78000,"Philadelphia, PA"
11166,Sr. Data Analyst,$64K-$113K ,64000,113000,"Philadelphia, PA"
11167,Data Analyst,$73K-$82K ,73000,82000,"Chicago, IL"
11168,Data Analyst,$24K-$48K ,24000,48000,"Allen, TX"
11169,Data Analyst,$30K-$53K ,30000,53000,"Richardson, TX"
11170,Data Analyst,$55K-$103K ,55000,103000,"Los Angeles, CA"
11171,Data Analyst,$50K-$86K ,50000,86000,"Charlotte, NC"
11172,Data Analyst,$53K-$99K ,53000,99000,"Fort Mill, SC"
11173,Data Analyst,$49K-$91K ,49000,91000,"Greenwood Village, Arapahoe, CO"
11174,Data Analyst,$57K-$67K ,57000,67000,"Greenwood Village, Arapahoe, CO"
11175,Sr. Data Analyst,$38K-$68K ,38000,68000,"Philadelphia, PA"
11176,Data Analyst,$41K-$78K ,41000,78000,"Philadelphia, PA"
11177,Data Analyst,$89K-$151K ,89000,151000,"Sunnyvale, CA"
11178,Data Analyst,$35K-$67K ,35000,67000,"Redmond, WA"
11179,Sr. Data Analyst,$27K-$52K ,27000,52000,"New York, NY"
11180,Sr. Data Analyst,$43K-$76K ,43000,76000,"New York, NY"
11181,Data Analyst,$51K-$88K ,51000,88000,"New York, NY"
11182,Data Analyst,$51K-$88K ,51000,88000,"New York, NY"
11183,Data Analyst,$51K-$88K ,51000,88000,"New York, NY"
11184,Sr. Data Analyst,$73K-$127K ,73000,127000,"New York, NY"
11185,Data Analyst,$57K-$104K ,57000,104000,"San Francisco, CA"
11186,Sr. Data Analyst,$46K-$87K ,46000,87000,"New York, NY"
11187,Data Analyst,$30K-$54K ,30000,54000,"Gainesville, FL"
11188,Data Analyst,$60K-$66K ,60000,66000,"Broadview, IL"
11189,Data Analyst,$42K-$76K ,42000,76000,"Austin, TX"
11190,Lead Data Analyst,$49K-$91K ,49000,91000,"Lakewood, CO"
11191,Lead Data Analyst,$37K-$44K ,37000,44000,"West Chester, PA"
11192,Data Analyst,$67K-$92K ,67000,92000,"Northlake, IL"
11193,Data Analyst,$53K-$99K ,53000,99000,"Charlotte, NC"
11194,Sr. Data Analyst,$73K-$82K ,73000,82000,"Chicago, IL"
11195,Sr. Data Analyst,$97K-$129K ,97000,129000,"Chicago, IL"
11196,Sr. Data Analyst,$65K-$120K ,65000,120000,"San Francisco, CA"
11197,Data Analyst,$63K-$116K ,63000,116000,"Redwood City, CA"
11198,Sr. Data Analyst,$40K-$72K ,40000,72000,"Jacksonville, FL"
11199,Business Data Analyst,$29K-$38K ,29000,38000,"Houston, TX"
11200,Data Analyst,$47K-$76K ,47000,76000,"Houston, TX"
11201,Data Analyst,$58K-$93K ,58000,93000,"Cupertino, CA"
11202,Business Data Analyst,$42K-$76K ,42000,76000,"Austin, TX"
11203,Data Analyst,$42K-$76K ,42000,76000,"Woodridge, IL"
11204,Data Analyst,$34K-$61K ,34000,61000,"Indianapolis, IN"
11205,Financial Data Analyst,$57K-$100K ,57000,100000,"Lakewood, CO"
11206,Data Analyst,$47K-$76K ,47000,76000,"Houston, TX"
11207,Data Analyst,$67K-$92K ,67000,92000,"Deerfield, IL"
11208,Sr. Data Analyst,$34K-$61K ,34000,61000,"San Diego, CA"
11209,Data Analyst,$60K-$124K ,60000,124000,"San Diego, CA"
11210,Data Analyst,$73K-$127K ,73000,127000,"New York, NY"
11211,Data Analyst,$60K-$66K ,60000,66000,"Chicago, IL"
11212,Business Data Analyst,$47K-$74K ,47000,74000,"South San Francisco, CA"
11213,Data Analyst,$76K-$122K ,76000,122000,"San Diego, CA"
11214,Data Analyst,$82K-$116K ,82000,116000,"Emeryville, CA"
11215,Data Analyst,$38K-$68K ,38000,68000,"King of Prussia, PA"
11216,Data Analyst,$73K-$82K ,73000,82000,"Chicago, IL"
11217,Sr. Data Analyst,$97K-$129K ,97000,129000,"Chicago, IL"
11218,Data Analyst,$43K-$94K ,43000,94000,"Tempe, AZ"
11219,Sr. Data Analyst,$48K-$96K ,48000,96000,"New York, NY"
11220,Sr. Data Analyst,$77K-$132K ,77000,132000,"New York, NY"
11221,Data Analyst,$44K-$82K ,44000,82000,"Dallas, TX"
11222,Data Analyst,$60K-$66K ,60000,66000,"Chicago, IL"
11223,Data Analyst,$37K-$66K ,37000,66000,"New York, NY"
11224,Sr. Data Analyst,$77K-$132K ,77000,132000,"New York, NY"
11225,Data Analyst,$76K-$122K ,76000,122000,"San Diego, CA"
11226,Data Analyst,$55K-$103K ,55000,103000,"Glendale, CA"
11227,Sr. Data Analyst,$60K-$110K ,60000,110000,"New York, NY"
11228,Sr. Business Analyst,$68K-$87K ,68000,87000,"Chicago, IL"
11229,Jr. Data Analyst,$42K-$76K ,42000,76000,"Austin, TX"
11230,Sr. Data Analyst,$35K-$45K ,35000,45000,"Los Angeles, CA"
11231,Sr. Data Analyst,$46K-$86K ,46000,86000,"San Francisco, CA"
11232,Sr. Data Analyst,$37K-$44K ,37000,44000,"Philadelphia, PA"
11233,Data Analyst,$64K-$113K ,64000,113000,"Philadelphia, PA"
11234,Data Analyst,$113K-$132K ,113000,132000,"Santa Monica, CA"
11235,Financial Data Analyst,$43K-$94K ,43000,94000,"Scottsdale, AZ"
11236,Data Analyst,$42K-$74K ,42000,74000,"Mount Vernon, NY"
11237,Data Analyst,$41K-$86K ,41000,86000,"Grapevine, TX"
11238,Data Analyst,$37K-$68K ,37000,68000,"San Antonio, TX"
11239,Data Analyst,$53K-$104K ,53000,104000,"Austin, TX"
11240,Sr. Data Analyst,$43K-$69K ,43000,69000,"Norfolk, VA"
11241,Sr. Data Analyst,$49K-$112K ,49000,112000,"Norfolk, VA"
11242,Sr. Data Analyst,$49K-$112K ,49000,112000,"Norfolk, VA"
11243,Sr. Data Analyst,$49K-$112K ,49000,112000,"Norfolk, VA"
11244,Data Analyst,$43K-$76K ,43000,76000,"New York, NY"
11245,Data Analyst,$59K-$85K ,59000,85000,"Queens, NY"
11246,Data Analyst,$51K-$88K ,51000,88000,"New York, NY"
11247,Sr. Data Analyst,$41K-$78K ,41000,78000,"New York, NY"
11248,Data Analyst,$37K-$66K ,37000,66000,"New York, NY"
11249,Sr. Data Analyst,$98K-$114K ,98000,114000,"New York, NY"
11250,Sr. Data Analyst,$65K-$81K ,65000,81000,"Glendale, CA"
11251,Business Data Analyst,$47K-$74K ,47000,74000,"Foster City, CA"
11252,Sr. Data Analyst,$47K-$74K ,47000,74000,"South San Francisco, CA"
11253,Data Analyst,$73K-$89K ,73000,89000,"San Antonio, TX"
11254,Sr. Data Analyst,$74K-$123K ,74000,123000,"Houston, TX"
11255,Data Analyst,$40K-$72K ,40000,72000,"Jacksonville, FL"
11256,Data Analyst,$35K-$67K ,35000,67000,"Westlake, TX"
11257,Data Analyst,$57K-$103K ,57000,103000,"El Segundo, CA"
11258,Data Analyst,$53K-$99K ,53000,99000,"Charlotte, NC"
11259,Data Analyst,$77K-$132K ,77000,132000,"New York, NY"
11260,Data Analyst,$98K-$114K ,98000,114000,"New York, NY"
11261,Data Analyst,$53K-$94K ,53000,94000,"Phoenix, AZ"
11262,Data Analyst,$98K-$114K ,98000,114000,"Parsippany, NJ"
11263,Data Analyst,$63K-$116K ,63000,116000,"Campbell, CA"
11264,Data Analyst,$43K-$94K ,43000,94000,"Glendale, AZ"
11265,Data Analyst,$42K-$74K ,42000,74000,"New York, NY"
11266,Sr. Data Analyst,$46K-$102K ,46000,102000,"Phoenix, AZ"
11267,Data Analyst,$40K-$72K ,40000,72000,"Jacksonville, FL"
11268,Data Analyst,$24K-$48K ,24000,48000,"Dallas, TX"
11269,Data Analyst,$58K-$93K ,58000,93000,"Mountain View, CA"
11270,Data Analyst,$58K-$93K ,58000,93000,"Sunnyvale, CA"
11271,Data Analyst,$67K-$92K ,67000,92000,"Chicago, IL"
11272,Lead Data Analyst,$47K-$74K ,47000,74000,"San Francisco, CA"
11273,Data Analyst,$43K-$94K ,43000,94000,"Tempe, AZ"
11274,Data Analyst,$53K-$94K ,53000,94000,"Tempe, AZ"
11275,Data Analyst,$67K-$92K ,67000,92000,"Chicago, IL"
11276,Data Analyst,$60K-$110K ,60000,110000,"New York, NY"
11277,Data Analyst,$98K-$114K ,98000,114000,"New York, NY"
11278,Data Analyst,$47K-$74K ,47000,74000,"Oakland, CA"
11279,Data Analyst,$31K-$59K ,31000,59000,"Salt Lake City, UT"
11280,Data Analyst,$30K-$53K ,30000,53000,"Dallas, TX"
11281,Data Analyst,$49K-$91K ,49000,91000,"Centennial, CO"
11282,Data Analyst,$42K-$76K ,42000,76000,"Austin, TX"
11283,Data Analyst,$35K-$45K ,35000,45000,"Los Angeles, CA"
11284,Data Analyst,$50K-$86K ,50000,86000,"Fort Worth, TX"
11285,Data Analyst,$45K-$78K ,45000,78000,"Mesa, AZ"
11286,Data Analyst,$37K-$44K ,37000,44000,"Horsham, PA"
11287,Data Analyst,$38K-$68K ,38000,68000,"Horsham, PA"
11288,Business Data Analyst,$50K-$93K ,50000,93000,"Horsham, PA"
11289,Data Analyst,$113K-$132K ,113000,132000,"Pico Rivera, CA"
11290,Sr. Data Analyst,$113K-$132K ,113000,132000,"Santa Monica, CA"
11291,Data Analyst,$29K-$38K ,29000,38000,"Houston, TX"
11292,Data Analyst,$42K-$76K ,42000,76000,"Northbrook, IL"
11293,Data Analyst,$51K-$87K ,51000,87000,"New York, NY"
11294,Business Data Analyst,$76K-$122K ,76000,122000,"San Diego, CA"
11295,Data Analyst,$113K-$132K ,113000,132000,"Industry, CA"
11296,Data Analyst,$65K-$81K ,65000,81000,"Industry, CA"
11297,Sr. Data Analyst,$42K-$74K ,42000,74000,"New York, NY"
11298,Data Analyst,$51K-$87K ,51000,87000,"New York, NY"
11299,Sr. Business Analyst,$35K-$45K ,35000,45000,"Santa Monica, CA"
11300,Data Analyst,$89K-$151K ,89000,151000,"Redwood City, CA"
11301,Data Analyst,$37K-$70K ,37000,70000,"Los Angeles, CA"
11302,Data Analyst,$37K-$44K ,37000,44000,"Philadelphia, PA"
11303,Sr. Data Analyst,$37K-$44K ,37000,44000,"Philadelphia, PA"
11304,Data Analyst,$38K-$68K ,38000,68000,"Philadelphia, PA"
11305,Jr. Data Analyst,$38K-$68K ,38000,68000,"Philadelphia, PA"
11306,Data Analyst,$41K-$78K ,41000,78000,"Philadelphia, PA"
11307,Financial Data Analyst,$34K-$61K ,34000,61000,"San Diego, CA"
11308,Data Analyst,$60K-$124K ,60000,124000,"San Diego, CA"
11309,Financial Data Analyst,$60K-$124K ,60000,124000,"San Diego, CA"
11310,Data Analyst,$60K-$124K ,60000,124000,"San Diego, CA"
11311,Data Analyst,$76K-$122K ,76000,122000,"San Diego, CA"
11312,Data Analyst,$42K-$76K ,42000,76000,"Chicago, IL"
11313,Data Analyst,$68K-$87K ,68000,87000,"Chicago, IL"
11314,Sr. Data Analyst,$51K-$93K ,51000,93000,"Redwood City, CA"
11315,Data Analyst,$42K-$76K ,42000,76000,"Austin, TX"
11316,Sr. Data Analyst,$57K-$103K ,57000,103000,"Los Angeles, CA"
11317,Sr. Data Analyst,$42K-$76K ,42000,76000,"Chicago, IL"
11318,Data Analyst,$42K-$76K ,42000,76000,"Chicago, IL"
11319,Data Analyst,$60K-$66K ,60000,66000,"Chicago, IL"
11320,Data Analyst,$73K-$82K ,73000,82000,"Chicago, IL"
11321,Data Analyst,$42K-$66K ,42000,66000,"Beverly Hills, CA"
11322,Data Analyst,$35K-$45K ,35000,45000,"Los Angeles, CA"
11323,Data Analyst,$35K-$45K ,35000,45000,"Los Angeles, CA"
11324,Data Analyst,$42K-$66K ,42000,66000,"Los Angeles, CA"
11325,Sr. Data Analyst,$35K-$67K ,35000,67000,"Seattle, WA"
11326,Lead Data Analyst,$46K-$86K ,46000,86000,"San Francisco, CA"
11327,Lead Data Analyst,$47K-$74K ,47000,74000,"San Francisco, CA"
11328,Sr. Data Analyst,$93K-$159K ,93000,159000,"San Francisco, CA"
11329,Sr. Data Analyst,$55K-$103K ,55000,103000,"Los Angeles, CA"
11330,Data Analyst,$46K-$87K ,46000,87000,"New York, NY"
11331,Financial Data Analyst,$69K-$127K ,69000,127000,"Menlo Park, CA"
11332,Sr. Data Analyst,$46K-$87K ,46000,87000,"New York, NY"
11333,Business Data Analyst,$42K-$76K ,42000,76000,"Austin, TX"
11334,Data Analyst,$37K-$70K ,37000,70000,"Pasadena, CA"
11335,Sr. Data Analyst,$50K-$86K ,50000,86000,"Charlotte, NC"
11336,Sr. Data Analyst,$37K-$44K ,37000,44000,"Malvern, PA"
11337,Sr. Data Analyst,$38K-$68K ,38000,68000,"Malvern, PA"
11338,Sr. Data Analyst,$64K-$113K ,64000,113000,"Malvern, PA"
11339,Financial Data Analyst,$46K-$102K ,46000,102000,"Scottsdale, AZ"
11340,Sr. Data Analyst,$98K-$114K ,98000,114000,"New York, NY"
11341,Data Analyst,$60K-$66K ,60000,66000,"Chicago, IL"
11342,Business Data Analyst,$37K-$66K ,37000,66000,"New York, NY"
11343,Data Analyst,$99K-$178K ,99000,178000,"Berkeley, CA"
11344,Data Analyst,$37K-$66K ,37000,66000,"New York, NY"
11345,Data Analust IV,$54K-$75K ,54000,75000,"Charlotte, NC"
11346,Sr. Data Analyst,$44K-$78K ,44000,78000,"Irving, TX"
11347,Sr. Data Analyst,$34K-$61K ,34000,61000,"San Diego, CA"
11348,Data Science Analyst,$46K-$87K ,46000,87000,"New York, NY"
11349,Data Analyst,$99K-$178K ,99000,178000,"San Mateo, CA"
11350,Business Data Analyst,$99K-$178K ,99000,178000,"San Francisco, CA"
11351,Sr. Data Analyst,$44K-$82K ,44000,82000,"Farmers Branch, TX"
11352,Data Analyst,$50K-$86K ,50000,86000,"Mooresville, NC"
11353,Data Analyst,$47K-$76K ,47000,76000,"Houston, TX"
11354,Data Analyst II,$30K-$53K ,30000,53000,"Dallas, TX"
11355,Data Analyst,$49K-$91K ,49000,91000,"Denver, CO"
11356,Data Analyst,$51K-$88K ,51000,88000,"New York, NY"
11357,Data Analyst,$60K-$66K ,60000,66000,"Chicago, IL"
11358,Data Analyst,$49K-$91K ,49000,91000,"Denver, CO"
11359,Data Analyst IV,$35K-$42K ,35000,42000,"Austin, TX"
11360,Data Analyst,$42K-$76K ,42000,76000,"Austin, TX"
11361,Data Analyst,$42K-$76K ,42000,76000,"Austin, TX"
11362,Jr. Data Analyst,$42K-$76K ,42000,76000,"Austin, TX"
11363,Data Analyst III,$53K-$104K ,53000,104000,"Austin, TX"
11364,Data Analyst,$53K-$104K ,53000,104000,"Austin, TX"
11365,Data Analyst III,$35K-$42K ,35000,42000,"Austin, TX"
11366,Data Analyst IV,$43K-$77K ,43000,77000,"Austin, TX"
11367,Data Analyst III,$35K-$42K ,35000,42000,"Austin, TX"
11368,Data Analyst,$68K-$87K ,68000,87000,"Chicago, IL"
11369,Sr. Data Analyst,$64K-$113K ,64000,113000,"Camden, NJ"
11370,Data Analyst,$57K-$103K ,57000,103000,"Los Angeles, CA"
11371,Data Analyst,$24K-$48K ,24000,48000,"Dallas, TX"
11372,Data Analyst,$55K-$103K ,55000,103000,"Inglewood, CA"
11373,Financial Data Analyst,$60K-$124K ,60000,124000,"San Diego, CA"
11374,Data Analyst,$60K-$124K ,60000,124000,"San Diego, CA"
11375,Data Analyst,$76K-$122K ,76000,122000,"San Diego, CA"
11376,Data Analyst,$41K-$78K ,41000,78000,"Plymouth Meeting, PA"
11377,Data Analyst,$37K-$44K ,37000,44000,"Philadelphia, PA"
11378,Data Analyst,$38K-$68K ,38000,68000,"Philadelphia, PA"
11379,Sr. Data Analyst,$57K-$100K ,57000,100000,"Englewood, CO"
11380,Sr. Data Analyst,$65K-$81K ,65000,81000,"Alhambra, CA"
11381,Data Analyst,$48K-$88K ,48000,88000,"Plano, TX"
11382,Data Analyst,$41K-$78K ,41000,78000,"Lake Success, NY"
11383,Data Analyst,$42K-$74K ,42000,74000,"Lake Success, NY"
11384,Data Analyst,$57K-$103K ,57000,103000,"Los Angeles, CA"
11385,Data Analyst III,$35K-$42K ,35000,42000,"Austin, TX"
11386,Data Analyst II,$53K-$104K ,53000,104000,"Austin, TX"
11387,Data Analyst,$46K-$102K ,46000,102000,"Scottsdale, AZ"
11388,Data Analyst,$60K-$66K ,60000,66000,"Chicago, IL"
11389,Data Analyst,$60K-$110K ,60000,110000,"New York, NY"
11390,Data Analyst II,$28K-$52K ,28000,52000,"Columbus, OH"
11391,Data Analyst III,$46K-$86K ,46000,86000,"Columbus, OH"
11392,Data Analyst,$46K-$102K ,46000,102000,"Phoenix, AZ"
11393,Data Analyst,$41K-$86K ,41000,86000,"Addison, TX"
11394,Sr. Data Analyst,$98K-$114K ,98000,114000,"New York, NY"
11395,Lead Data Analyst,$73K-$82K ,73000,82000,"Chicago, IL"
11396,Data Analyst,$93K-$159K ,93000,159000,"San Francisco, CA"
11397,Financial Data Analyst,$55K-$103K ,55000,103000,"El Segundo, CA"
11398,Business Data Analyst,$74K-$123K ,74000,123000,"Houston, TX"
11399,Data Analyst,$43K-$76K ,43000,76000,"New York, NY"
11400,Sr. Data Analyst,$46K-$86K ,46000,86000,"San Mateo, CA"
11401,Sr. Data Analyst,$82K-$116K ,82000,116000,"San Francisco, CA"
11402,Data Analyst,$38K-$68K ,38000,68000,"West Conshohocken, PA"
11403,Data Analyst,$51K-$87K ,51000,87000,"Brooklyn, NY"
11404,Data Analyst,$30K-$53K ,30000,53000,"Dallas, TX"
11405,Data Analyst,$30K-$53K ,30000,53000,"Dallas, TX"
11406,Sr. Data Analyst,$44K-$82K ,44000,82000,"Dallas, TX"
11407,Data Analyst,$37K-$66K ,37000,66000,"New York, NY"
11408,Data Analyst,$51K-$88K ,51000,88000,"New York, NY"
11409,Data Analyst,$57K-$67K ,57000,67000,"Denver, CO"
11410,Sr. Data Analyst,$48K-$96K ,48000,96000,"Bronx, NY"
11411,Financial Data Analyst,$41K-$78K ,41000,78000,"New York, NY"
11412,Data Analyst,$46K-$87K ,46000,87000,"New York, NY"
11413,Data Analyst,$60K-$124K ,60000,124000,"San Diego, CA"
11414,Data Analyst,$69K-$127K ,69000,127000,"Cupertino, CA"
11415,Data Analyst,$29K-$38K ,29000,38000,"Houston, TX"
11416,Business Data Analyst,$65K-$120K ,65000,120000,"South San Francisco, CA"
11417,Data Analyst,$57K-$67K ,57000,67000,"Denver, CO"
11418,Data Analyst,$57K-$104K ,57000,104000,"San Francisco, CA"
11419,Financial Data Analyst,$93K-$159K ,93000,159000,"San Francisco, CA"
11420,Data Analyst,$99K-$178K ,99000,178000,"San Francisco, CA"
11421,Sr. Data Analyst,$60K-$124K ,60000,124000,"San Diego, CA"
11422,Data Analyst,$42K-$76K ,42000,76000,"Austin, TX"
11423,Sr. Data Analyst,$37K-$68K ,37000,68000,"San Antonio, TX"
11424,Data Analyst,$110K-$190K ,110000,190000,"Mountain View, CA"
11425,Data Analyst,$57K-$104K ,57000,104000,"San Francisco, CA"
11426,Data Analyst,$67K-$92K ,67000,92000,"Chicago, IL"
11427,Data Analyst,$99K-$178K ,99000,178000,"San Francisco, CA"
11428,Data Analyst,$57K-$104K ,57000,104000,"San Francisco, CA"
11429,Data Analyst,$57K-$104K ,57000,104000,"San Francisco, CA"
11430,Data Analyst,$57K-$104K ,57000,104000,"San Mateo, CA"
11431,Data Analyst,$82K-$116K ,82000,116000,"San Mateo, CA"
11432,Data Analyst,$28K-$52K ,28000,52000,"Columbus, OH"
11433,Data Analyst,$99K-$178K ,99000,178000,"San Francisco, CA"
11434,Data Analyst,$41K-$78K ,41000,78000,"Philadelphia, PA"
11435,Data Analyst,$55K-$103K ,55000,103000,"Los Angeles, CA"
11436,Data Analyst,$57K-$104K ,57000,104000,"Oakland, CA"
11437,Data Analyst,$24K-$48K ,24000,48000,"Dallas, TX"
11438,Financial Data Analyst,$43K-$76K ,43000,76000,"New York, NY"
11439,Data Analyst,$110K-$190K ,110000,190000,"Mountain View, CA"
11440,Business Data Analyst,$93K-$159K ,93000,159000,"San Francisco, CA"
11441,Jr. Data Analyst,$26K-$47K ,26000,47000,"Lehi, UT"
11442,Data Analyst,$57K-$67K ,57000,67000,"Lakewood, CO"
11443,Sr. Data Analyst,$42K-$76K ,42000,76000,"Austin, TX"
11444,Data Analyst,$53K-$104K ,53000,104000,"Austin, TX"
11445,Data Analyst,$41K-$78K ,41000,78000,"Philadelphia, PA"
11446,Sr. Data Analyst,$37K-$66K ,37000,66000,"New York, NY"
11447,Sr. Data Analyst,$46K-$86K ,46000,86000,"San Francisco, CA"
11448,Data Analyst,$99K-$178K ,99000,178000,"San Francisco, CA"
11449,Sr. Data Analyst,$46K-$86K ,46000,86000,"San Francisco, CA"
11450,Data Analyst,$57K-$104K ,57000,104000,"San Francisco, CA"
11451,Data Analyst,$37K-$66K ,37000,66000,"New York, NY"
11452,Data Analyst,$58K-$93K ,58000,93000,"Menlo Park, CA"
11453,Data Analyst,$89K-$151K ,89000,151000,"Menlo Park, CA"
11454,Data Analyst,$42K-$76K ,42000,76000,"Austin, TX"
11455,Sr. Data Analyst,$93K-$159K ,93000,159000,"San Francisco, CA"
11456,Sr. Data Analyst,$57K-$104K ,57000,104000,"San Francisco, CA"
11457,Sr. Data Analyst,$53K-$104K ,53000,104000,"Austin, TX"
11458,Lead Data Analyst,$55K-$103K ,55000,103000,"Santa Monica, CA"
11459,Sr. Data Analyst,$82K-$116K ,82000,116000,"San Francisco, CA"
11460,Sr. Data Analyst,$49K-$91K ,49000,91000,"Denver, CO"
11461,Data Analyst,$99K-$178K ,99000,178000,"San Francisco, CA"
11462,Data Analyst,$46K-$87K ,46000,87000,"New York, NY"
11463,Sr. Data Analyst,$37K-$70K ,37000,70000,"Los Angeles, CA"
11464,Sr. Data Analyst,$57K-$103K ,57000,103000,"Los Angeles, CA"
11465,Sr. Data Analyst,$65K-$120K ,65000,120000,"San Francisco, CA"
11466,Sr. Data Analyst,$37K-$70K ,37000,70000,"Los Angeles, CA"
11467,Data Analyst,$55K-$103K ,55000,103000,"Los Angeles, CA"
11468,Sr. Data Analyst,$43K-$76K ,43000,76000,"New York, NY"
11469,Data Analyst,$59K-$85K ,59000,85000,"New York, NY"
11470,Sr. Data Analyst,$43K-$76K ,43000,76000,"New York, NY"
11471,Data Analyst,$34K-$61K ,34000,61000,"Indianapolis, IN"
11472,Data Scientist,$99K-$178K ,99000,178000,"San Francisco, CA"
11473,Data Analyst,$42K-$76K ,42000,76000,"Austin, TX"
11474,Sr. Data Analyst,$42K-$66K ,42000,66000,"Culver City, CA"
11475,Sr. Data Analyst,$113K-$132K ,113000,132000,"Los Angeles, CA"
11476,Sr. Data Analyst,$35K-$45K ,35000,45000,"Los Angeles, CA"
11477,Sr. Data Analyst,$55K-$103K ,55000,103000,"Los Angeles, CA"
11478,Sr. Data Analyst,$42K-$74K ,42000,74000,"New York, NY"
11479,Principal Data Analyst,$60K-$110K ,60000,110000,"New York, NY"
11480,Data Analyst,$47K-$76K ,47000,76000,"Houston, TX"
11481,Data Analyst,$74K-$123K ,74000,123000,"Houston, TX"
11482,Data Analyst,$37K-$68K ,37000,68000,"San Antonio, TX"
11483,Data Analyst,$89K-$151K ,89000,151000,"Cupertino, CA"
11484,Sr. Data Analyst,$46K-$86K ,46000,86000,"San Francisco, CA"
11485,Sr. Data Analyst,$51K-$93K ,51000,93000,"San Jose, CA"
11486,Sr. Data Analyst,$69K-$127K ,69000,127000,"San Jose, CA"
11487,Data Analyst,$30K-$53K ,30000,53000,"Irving, TX"
11488,Data Analyst,$110K-$190K ,110000,190000,"San Jose, CA"
11489,Data Analyst,$26K-$47K ,26000,47000,"Salt Lake City, UT"
11490,Sr. Data Analyst,$46K-$102K ,46000,102000,"Phoenix, AZ"
11491,Data Analyst,$69K-$127K ,69000,127000,"San Jose, CA"
11492,Sr. Data Analyst,$73K-$89K ,73000,89000,"San Antonio, TX"
11493,Data Analyst,$38K-$68K ,38000,68000,"King of Prussia, PA"
11494,Data Analyst,$110K-$190K ,110000,190000,"San Jose, CA"
11495,Jr. Data Analyst,$41K-$78K ,41000,78000,"Jersey City, NJ"
11496,Data Analyst,$98K-$114K ,98000,114000,"Jersey City, NJ"
11497,Data Analyst,$27K-$52K ,27000,52000,"New York, NY"
11498,Sr. Data Analyst,$84K-$90K ,84000,90000,"New York, NY"
11499,Sr. Data Analyst,$51K-$93K ,51000,93000,"San Jose, CA"
11500,Sr. Data Analyst,$26K-$47K ,26000,47000,"Draper, UT"
11501,Data Analyst,$57K-$104K ,57000,104000,"San Francisco, CA"
11502,Business Data Analyst,$69K-$127K ,69000,127000,"Santa Clara, CA"
11503,Data Analyst,$89K-$151K ,89000,151000,"Santa Clara, CA"
11504,Data Analyst,$65K-$120K ,65000,120000,"Foster City, CA"
11505,Data Analyst,$93K-$159K ,93000,159000,"Foster City, CA"
11506,Data Analyst,$53K-$104K ,53000,104000,"Austin, TX"
11507,Data Analyst,$69K-$127K ,69000,127000,"Palo Alto, CA"
11508,Lead Data Analyst,$65K-$120K ,65000,120000,"San Francisco, CA"
11509,Data Analyst,$43K-$94K ,43000,94000,"Glendale, AZ"
11510,Data Analyst,$45K-$78K ,45000,78000,"Phoenix, AZ"
11511,Data Analyst,$27K-$52K ,27000,52000,"New York, NY"
11512,Business Data Analyst,$35K-$67K ,35000,67000,"Seattle, WA"
11513,Data Analyst,$51K-$88K ,51000,88000,"New York, NY"
11514,Business Data Analyst,$40K-$74K ,40000,74000,"Charlotte, NC"
11515,Data Analyst,$50K-$86K ,50000,86000,"Charlotte, NC"
11516,Financial Data Analyst,$29K-$38K ,29000,38000,"Stafford, TX"
11517,Data Analyst,$67K-$92K ,67000,92000,"Chicago, IL"
11518,Business Data Analyst,$60K-$66K ,60000,66000,"Chicago, IL"
11519,Data Analyst,$51K-$93K ,51000,93000,"Union City, CA"
11520,Data Analyst,$58K-$93K ,58000,93000,"Union City, CA"
11521,Data Analyst,$35K-$45K ,35000,45000,"El Segundo, CA"
11522,Sr. Data Analyst,$57K-$103K ,57000,103000,"Los Angeles, CA"
11523,Sr. Data Analyst,$41K-$86K ,41000,86000,"Dallas, TX"
11524,Sr. Data Analyst,$57K-$103K ,57000,103000,"Los Angeles, CA"
11525,Sr. Data Analyst,$41K-$78K ,41000,78000,"New York, NY"
11526,Data Analyst,$42K-$76K ,42000,76000,"Austin, TX"
11527,Data Analyst,$24K-$48K ,24000,48000,"Dallas, TX"
11528,Data Analyst,$55K-$103K ,55000,103000,"Santa Monica, CA"
11529,Sr. Data Analyst,$65K-$81K ,65000,81000,"Santa Monica, CA"
11530,Data Analyst,$42K-$66K ,42000,66000,"Culver City, CA"
11531,Data Analyst,$73K-$82K ,73000,82000,"Chicago, IL"
11532,Business Data Analyst,$57K-$103K ,57000,103000,"Los Angeles, CA"
11533,Data Analyst,$60K-$110K ,60000,110000,"New York, NY"
11534,Sr. Data Analyst,$73K-$82K ,73000,82000,"Chicago, IL"
11535,Jr. Data Analyst,$53K-$104K ,53000,104000,"Austin, TX"
11536,Data Analyst,$27K-$52K ,27000,52000,"South Plainfield, NJ"
11537,Sr. Business Analyst,$49K-$112K ,49000,112000,"Chesapeake, VA"
11538,Data Analyst,$57K-$104K ,57000,104000,"San Francisco, CA"
11539,Sr. Data Analyst,$65K-$120K ,65000,120000,"San Francisco, CA"
11540,Sr. Data Analyst,$99K-$178K ,99000,178000,"San Francisco, CA"
11541,Sr. Data Analyst,$48K-$88K ,48000,88000,"Dallas, TX"
11542,Data Analyst,$42K-$66K ,42000,66000,"Los Angeles, CA"
11543,Data Analyst,$57K-$103K ,57000,103000,"Los Angeles, CA"
11544,Jr. Data Analyst,$41K-$78K ,41000,78000,"Fort Washington, PA"
11545,Data Analyst,$57K-$104K ,57000,104000,"San Francisco, CA"
11546,Sr. Data Analyst,$42K-$66K ,42000,66000,"Marina del Rey, CA"
11547,Sr. Data Analyst,$51K-$93K ,51000,93000,"Palo Alto, CA"
11548,Data Analyst,$65K-$81K ,65000,81000,"Cerritos, CA"
11549,Data Analyst,$99K-$178K ,99000,178000,"Oakland, CA"
11550,Data Analyst,$57K-$100K ,57000,100000,"Aurora, CO"
11551,Sr. Business Analyst,$42K-$74K ,42000,74000,"Jersey City, NJ"
11552,Data Analyst,$57K-$103K ,57000,103000,"Los Angeles, CA"
11553,Data Analyst,$43K-$69K ,43000,69000,"Norfolk, VA"
11554,Data Analyst,$37K-$68K ,37000,68000,"San Antonio, TX"
11555,Data Analyst,$41K-$78K ,41000,78000,"Philadelphia, PA"
11556,Business Data Analyst,$28K-$52K ,28000,52000,"Westerville, OH"
11557,Financial Data Analyst,$57K-$104K ,57000,104000,"San Francisco, CA"
11558,Data Analyst,$35K-$42K ,35000,42000,"Cedar Park, TX"
11559,Data Analyst,$57K-$67K ,57000,67000,"Denver, CO"
